,GHO (CODE),GHO (DISPLAY),YEAR (CODE),YEAR (DISPLAY),REGION (CODE),REGION (DISPLAY),REGION (URL),WORLDBANKINCOMEGROUP (CODE),STARTYEAR,ENDYEAR,WORLDBANKINCOMEGROUP (DISPLAY),WORLDBANKINCOMEGROUP (URL),COUNTRY (CODE),COUNTRY (DISPLAY),AGEGROUP (CODE),AGEGROUP (DISPLAY),AGEGROUP (URL),SEX (CODE),SEX (DISPLAY),SEX (URL),GHECAUSES (CODE),GHECAUSES (DISPLAY),GHECAUSES (URL),CHILDCAUSE (CODE),CHILDCAUSE (DISPLAY),CHILDCAUSE (URL),Display Value,Numeric,Low,High,StdErr,StdDev,Comments
1959,MDG_0000000007,Under-five mortality rate (per 1000 live births) (SDG 3.2.1),1964.0,1964,WPR,Western Pacific,,,1964,1964,,,VNM,Viet Nam,,,,FMLE,Female,,,,,,,,74.26 [56.96-95.25],74.26381,56.95662,95.25015,,,
1960,MDG_0000000007,Under-five mortality rate (per 1000 live births) (SDG 3.2.1),1966.0,1966,WPR,Western Pacific,,,1966,1966,,,VNM,Viet Nam,,,,FMLE,Female,,,,,,,,72.98 [59.27-89.2],72.98242,59.27299,89.19904,,,
1961,MDG_0000000007,Under-five mortality rate (per 1000 live births) (SDG 3.2.1),1973.0,1973,WPR,Western Pacific,,,1973,1973,,,VNM,Viet Nam,,,,FMLE,Female,,,,,,,,68.54 [61.09-77.1],68.54126,61.09278,77.10418,,,
1962,MDG_0000000007,Under-five mortality rate (per 1000 live births) (SDG 3.2.1),1975.0,1975,WPR,Western Pacific,,,1975,1975,,,VNM,Viet Nam,,,,FMLE,Female,,,,,,,,66.36 [59.5-73.96],66.35724,59.49653,73.9599,,,
1963,MDG_0000000007,Under-five mortality rate (per 1000 live births) (SDG 3.2.1),1980.0,1980,WPR,Western Pacific,,,1980,1980,,,VNM,Viet Nam,,,,FMLE,Female,,,,,,,,59.22 [53.9-64.92],59.22255,53.89945,64.92271,,,
1964,MDG_0000000007,Under-five mortality rate (per 1000 live births) (SDG 3.2.1),1982.0,1982,WPR,Western Pacific,,,1982,1982,,,VNM,Viet Nam,,,,FMLE,Female,,,,,,,,56.53 [51.62-61.93],56.53335,51.61745,61.93478,,,
1965,MDG_0000000007,Under-five mortality rate (per 1000 live births) (SDG 3.2.1),1989.0,1989,WPR,Western Pacific,,,1989,1989,,,VNM,Viet Nam,,,,FMLE,Female,,,,,,,,45.53 [41.63-49.9],45.52748,41.62937,49.89867,,,
1966,MDG_0000000007,Under-five mortality rate (per 1000 live births) (SDG 3.2.1),1991.0,1991,WPR,Western Pacific,,,1991,1991,,,VNM,Viet Nam,,,,FMLE,Female,,,,,,,,41.09 [37.67-44.95],41.08830,37.66977,44.94838,,,
1967,MDG_0000000007,Under-five mortality rate (per 1000 live births) (SDG 3.2.1),1998.0,1998,WPR,Western Pacific,,,1998,1998,,,VNM,Viet Nam,,,,FMLE,Female,,,,,,,,27.26 [23.62-31.01],27.25514,23.6198,31.01233,,,
1968,MDG_0000000007,Under-five mortality rate (per 1000 live births) (SDG 3.2.1),2000.0,2000,WPR,Western Pacific,,,2000,2000,,,VNM,Viet Nam,,,,FMLE,Female,,,,,,,,24.64 [20.91-28.38],24.64116,20.90636,28.3774,,,
1969,MDG_0000000007,Under-five mortality rate (per 1000 live births) (SDG 3.2.1),2005.0,2005,WPR,Western Pacific,,,2005,2005,,,VNM,Viet Nam,,,,FMLE,Female,,,,,,,,20.54 [17.42-23.66],20.53999,17.41779,23.66118,,,
1970,MDG_0000000007,Under-five mortality rate (per 1000 live births) (SDG 3.2.1),2007.0,2007,WPR,Western Pacific,,,2007,2007,,,VNM,Viet Nam,,,,FMLE,Female,,,,,,,,19.67 [17.07-22.31],19.66678,17.0748,22.31316,,,
1971,MDG_0000000007,Under-five mortality rate (per 1000 live births) (SDG 3.2.1),2009.0,2009,WPR,Western Pacific,,,2009,2009,,,VNM,Viet Nam,,,,FMLE,Female,,,,,,,,19.09 [17.12-21.18],19.09450,17.11988,21.17788,,,
1972,MDG_0000000007,Under-five mortality rate (per 1000 live births) (SDG 3.2.1),2014.0,2014,WPR,Western Pacific,,,2014,2014,,,VNM,Viet Nam,,,,FMLE,Female,,,,,,,,18.1 [16.9-19.33],18.09508,16.90113,19.3349,,,
1973,MDG_0000000007,Under-five mortality rate (per 1000 live births) (SDG 3.2.1),2016.0,2016,WPR,Western Pacific,,,2016,2016,,,VNM,Viet Nam,,,,FMLE,Female,,,,,,,,17.76 [16.62-18.99],17.76377,16.61838,18.98967,,,
1974,MDG_0000000007,Under-five mortality rate (per 1000 live births) (SDG 3.2.1),1965.0,1965,WPR,Western Pacific,,,1965,1965,,,VNM,Viet Nam,,,,MLE,Male,,,,,,,,98.59 [78.16-123.26],98.59368,78.16474,123.25501,,,
1975,MDG_0000000007,Under-five mortality rate (per 1000 live births) (SDG 3.2.1),1967.0,1967,WPR,Western Pacific,,,1967,1967,,,VNM,Viet Nam,,,,MLE,Male,,,,,,,,96.9 [80.85-116.17],96.90284,80.85055,116.16732,,,
1976,MDG_0000000007,Under-five mortality rate (per 1000 live births) (SDG 3.2.1),1972.0,1972,WPR,Western Pacific,,,1972,1972,,,VNM,Viet Nam,,,,MLE,Male,,,,,,,,92.05 [81.64-103.72],92.04862,81.63923,103.71727,,,
1977,MDG_0000000007,Under-five mortality rate (per 1000 live births) (SDG 3.2.1),1974.0,1974,WPR,Western Pacific,,,1974,1974,,,VNM,Viet Nam,,,,MLE,Male,,,,,,,,89.31 [80.23-99.67],89.31303,80.23417,99.66641,,,
1978,MDG_0000000007,Under-five mortality rate (per 1000 live births) (SDG 3.2.1),1976.0,1976,WPR,Western Pacific,,,1976,1976,,,VNM,Viet Nam,,,,MLE,Male,,,,,,,,86.14 [77.86-95.56],86.14170,77.85946,95.55561,,,
1979,MDG_0000000007,Under-five mortality rate (per 1000 live births) (SDG 3.2.1),1981.0,1981,WPR,Western Pacific,,,1981,1981,,,VNM,Viet Nam,,,,MLE,Male,,,,,,,,77.29 [70.72-84.55],77.29485,70.72318,84.54897,,,
1980,MDG_0000000007,Under-five mortality rate (per 1000 live births) (SDG 3.2.1),1983.0,1983,WPR,Western Pacific,,,1983,1983,,,VNM,Viet Nam,,,,MLE,Male,,,,,,,,74.03 [67.93-81.01],74.03205,67.9276,81.01441,,,
1981,MDG_0000000007,Under-five mortality rate (per 1000 live births) (SDG 3.2.1),1990.0,1990,WPR,Western Pacific,,,1990,1990,,,VNM,Viet Nam,,,,MLE,Male,,,,,,,,59.57 [54.71-64.98],59.57453,54.71042,64.98477,,,
1982,MDG_0000000007,Under-five mortality rate (per 1000 live births) (SDG 3.2.1),1992.0,1992,WPR,Western Pacific,,,1992,1992,,,VNM,Viet Nam,,,,MLE,Male,,,,,,,,53.95 [49.53-58.84],53.94607,49.53027,58.84337,,,
1983,MDG_0000000007,Under-five mortality rate (per 1000 live births) (SDG 3.2.1),1997.0,1997,WPR,Western Pacific,,,1997,1997,,,VNM,Viet Nam,,,,MLE,Male,,,,,,,,40.81 [35.95-45.92],40.80500,35.94888,45.91839,,,
1984,MDG_0000000007,Under-five mortality rate (per 1000 live births) (SDG 3.2.1),1999.0,1999,WPR,Western Pacific,,,1999,1999,,,VNM,Viet Nam,,,,MLE,Male,,,,,,,,36.77 [31.66-42],36.76995,31.65534,42.00239,,,
1985,MDG_0000000007,Under-five mortality rate (per 1000 live births) (SDG 3.2.1),2001.0,2001,WPR,Western Pacific,,,2001,2001,,,VNM,Viet Nam,,,,MLE,Male,,,,,,,,33.64 [28.47-38.72],33.64130,28.46749,38.72009,,,
1986,MDG_0000000007,Under-five mortality rate (per 1000 live births) (SDG 3.2.1),2006.0,2006,WPR,Western Pacific,,,2006,2006,,,VNM,Viet Nam,,,,MLE,Male,,,,,,,,28.81 [24.68-32.79],28.80913,24.67893,32.79319,,,
1987,MDG_0000000007,Under-five mortality rate (per 1000 live births) (SDG 3.2.1),2008.0,2008,WPR,Western Pacific,,,2008,2008,,,VNM,Viet Nam,,,,MLE,Male,,,,,,,,27.77 [24.56-31.02],27.76699,24.55739,31.02439,,,
1988,MDG_0000000007,Under-five mortality rate (per 1000 live births) (SDG 3.2.1),2015.0,2015,WPR,Western Pacific,,,2015,2015,,,VNM,Viet Nam,,,,MLE,Male,,,,,,,,25.66 [24.13-27.24],25.65856,24.12918,27.24388,,,
1989,MDG_0000000007,Under-five mortality rate (per 1000 live births) (SDG 3.2.1),2017.0,2017,WPR,Western Pacific,,,2017,2017,,,VNM,Viet Nam,,,,MLE,Male,,,,,,,,25.13 [23.57-26.81],25.12779,23.56794,26.80569,,,
1990,MDG_0000000007,Under-five mortality rate (per 1000 live births) (SDG 3.2.1),1966.0,1966,WPR,Western Pacific,,,1966,1966,,,VNM,Viet Nam,,,,BTSX,Both sexes,,,,,,,,85.72 [70.02-104.54],85.71991,70.01657,104.54273,,,
1991,MDG_0000000007,Under-five mortality rate (per 1000 live births) (SDG 3.2.1),1968.0,1968,WPR,Western Pacific,,,1968,1968,,,VNM,Viet Nam,,,,BTSX,Both sexes,,,,,,,,84.32 [71.67-99.07],84.32033,71.66771,99.06512,,,
1992,MDG_0000000007,Under-five mortality rate (per 1000 live births) (SDG 3.2.1),1973.0,1973,WPR,Western Pacific,,,1973,1973,,,VNM,Viet Nam,,,,BTSX,Both sexes,,,,,,,,79.91 [71.51-89.32],79.91436,71.51059,89.32262,,,
1993,MDG_0000000007,Under-five mortality rate (per 1000 live births) (SDG 3.2.1),1975.0,1975,WPR,Western Pacific,,,1975,1975,,,VNM,Viet Nam,,,,BTSX,Both sexes,,,,,,,,77.4 [69.91-85.71],77.40032,69.91016,85.70591,,,
1994,MDG_0000000007,Under-five mortality rate (per 1000 live births) (SDG 3.2.1),1982.0,1982,WPR,Western Pacific,,,1982,1982,,,VNM,Viet Nam,,,,BTSX,Both sexes,,,,,,,,66.3 [61.01-72.28],66.29764,61.00827,72.27514,,,
1995,MDG_0000000007,Under-five mortality rate (per 1000 live births) (SDG 3.2.1),1984.0,1984,WPR,Western Pacific,,,1984,1984,,,VNM,Viet Nam,,,,BTSX,Both sexes,,,,,,,,63.45 [58.4-69.11],63.44990,58.39821,69.10758,,,
1996,MDG_0000000007,Under-five mortality rate (per 1000 live births) (SDG 3.2.1),1991.0,1991,WPR,Western Pacific,,,1991,1991,,,VNM,Viet Nam,,,,BTSX,Both sexes,,,,,,,,49.13 [45.31-53.43],49.13361,45.30703,53.42693,,,
1997,MDG_0000000007,Under-five mortality rate (per 1000 live births) (SDG 3.2.1),1993.0,1993,WPR,Western Pacific,,,1993,1993,,,VNM,Viet Nam,,,,BTSX,Both sexes,,,,,,,,44.01 [40.4-47.93],44.00816,40.40059,47.93136,,,
1998,MDG_0000000007,Under-five mortality rate (per 1000 live births) (SDG 3.2.1),1998.0,1998,WPR,Western Pacific,,,1998,1998,,,VNM,Viet Nam,,,,BTSX,Both sexes,,,,,,,,33.12 [28.88-37.4],33.12492,28.88338,37.40143,,,
1999,MDG_0000000007,Under-five mortality rate (per 1000 live births) (SDG 3.2.1),2000.0,2000,WPR,Western Pacific,,,2000,2000,,,VNM,Viet Nam,,,,BTSX,Both sexes,,,,,,,,30 [25.53-34.37],29.99979,25.52786,34.36737,,,
2000,MDG_0000000007,Under-five mortality rate (per 1000 live births) (SDG 3.2.1),2007.0,2007,WPR,Western Pacific,,,2007,2007,,,VNM,Viet Nam,,,,BTSX,Both sexes,,,,,,,,24.07 [20.97-27.08],24.06942,20.97388,27.08425,,,
2001,MDG_0000000007,Under-five mortality rate (per 1000 live births) (SDG 3.2.1),2009.0,2009,WPR,Western Pacific,,,2009,2009,,,VNM,Viet Nam,,,,BTSX,Both sexes,,,,,,,,23.33 [21.03-25.69],23.33401,21.02551,25.68504,,,
2002,MDG_0000000007,Under-five mortality rate (per 1000 live births) (SDG 3.2.1),2016.0,2016,WPR,Western Pacific,,,2016,2016,,,VNM,Viet Nam,,,,BTSX,Both sexes,,,,,,,,21.67 [20.46-22.94],21.67099,20.46206,22.9429,,,
2003,MDG_0000000007,Under-five mortality rate (per 1000 live births) (SDG 3.2.1),2018.0,2018,WPR,Western Pacific,,,2018,2018,,,VNM,Viet Nam,,,,BTSX,Both sexes,,,,,,,,21.25 [19.87-22.75],21.25250,19.87148,22.74663,,,
2366,MDG_0000000007,Under-five mortality rate (per 1000 live births) (SDG 3.2.1),1965.0,1965,WPR,Western Pacific,,,1965,1965,,,VNM,Viet Nam,,,,FMLE,Female,,,,,,,,73.56 [58.23-92.01],73.56474,58.23094,92.01065,,,
2367,MDG_0000000007,Under-five mortality rate (per 1000 live births) (SDG 3.2.1),1967.0,1967,WPR,Western Pacific,,,1967,1967,,,VNM,Viet Nam,,,,FMLE,Female,,,,,,,,72.5 [60.24-86.85],72.50173,60.2351,86.85181,,,
2368,MDG_0000000007,Under-five mortality rate (per 1000 live births) (SDG 3.2.1),1972.0,1972,WPR,Western Pacific,,,1972,1972,,,VNM,Viet Nam,,,,FMLE,Female,,,,,,,,69.43 [61.36-78.52],69.43083,61.36475,78.5158,,,
2369,MDG_0000000007,Under-five mortality rate (per 1000 live births) (SDG 3.2.1),1974.0,1974,WPR,Western Pacific,,,1974,1974,,,VNM,Viet Nam,,,,FMLE,Female,,,,,,,,67.49 [60.37-75.52],67.49378,60.37454,75.52406,,,
2370,MDG_0000000007,Under-five mortality rate (per 1000 live births) (SDG 3.2.1),1981.0,1981,WPR,Western Pacific,,,1981,1981,,,VNM,Viet Nam,,,,FMLE,Female,,,,,,,,57.84 [52.82-63.34],57.84478,52.81791,63.3384,,,
2371,MDG_0000000007,Under-five mortality rate (per 1000 live births) (SDG 3.2.1),1983.0,1983,WPR,Western Pacific,,,1983,1983,,,VNM,Viet Nam,,,,FMLE,Female,,,,,,,,55.26 [50.49-60.48],55.25662,50.48637,60.47898,,,
2372,MDG_0000000007,Under-five mortality rate (per 1000 live births) (SDG 3.2.1),1990.0,1990,WPR,Western Pacific,,,1990,1990,,,VNM,Viet Nam,,,,FMLE,Female,,,,,,,,43.34 [39.72-47.43],43.34396,39.71925,47.42828,,,
2373,MDG_0000000007,Under-five mortality rate (per 1000 live births) (SDG 3.2.1),1992.0,1992,WPR,Western Pacific,,,1992,1992,,,VNM,Viet Nam,,,,FMLE,Female,,,,,,,,38.77 [35.53-42.47],38.76850,35.52927,42.46652,,,
2374,MDG_0000000007,Under-five mortality rate (per 1000 live births) (SDG 3.2.1),1997.0,1997,WPR,Western Pacific,,,1997,1997,,,VNM,Viet Nam,,,,FMLE,Female,,,,,,,,28.8 [25.29-32.45],28.80441,25.28912,32.45124,,,
2375,MDG_0000000007,Under-five mortality rate (per 1000 live births) (SDG 3.2.1),1999.0,1999,WPR,Western Pacific,,,1999,1999,,,VNM,Viet Nam,,,,FMLE,Female,,,,,,,,25.85 [22.15-29.57],25.85064,22.15236,29.57105,,,
2376,MDG_0000000007,Under-five mortality rate (per 1000 live births) (SDG 3.2.1),2006.0,2006,WPR,Western Pacific,,,2006,2006,,,VNM,Viet Nam,,,,FMLE,Female,,,,,,,,20.09 [17.21-22.99],20.08892,17.20748,22.99077,,,
2377,MDG_0000000007,Under-five mortality rate (per 1000 live births) (SDG 3.2.1),2008.0,2008,WPR,Western Pacific,,,2008,2008,,,VNM,Viet Nam,,,,FMLE,Female,,,,,,,,19.35 [17.06-21.7],19.34607,17.05546,21.69745,,,
2378,MDG_0000000007,Under-five mortality rate (per 1000 live births) (SDG 3.2.1),2015.0,2015,WPR,Western Pacific,,,2015,2015,,,VNM,Viet Nam,,,,FMLE,Female,,,,,,,,17.94 [16.77-19.15],17.93642,16.7748,19.14973,,,
2379,MDG_0000000007,Under-five mortality rate (per 1000 live births) (SDG 3.2.1),2017.0,2017,WPR,Western Pacific,,,2017,2017,,,VNM,Viet Nam,,,,FMLE,Female,,,,,,,,17.59 [16.41-18.89],17.58787,16.40663,18.88759,,,
2380,MDG_0000000007,Under-five mortality rate (per 1000 live births) (SDG 3.2.1),1964.0,1964,WPR,Western Pacific,,,1964,1964,,,VNM,Viet Nam,,,,MLE,Male,,,,,,,,99.39 [76.65-127.69],99.38806,76.64926,127.6946,,,
2381,MDG_0000000007,Under-five mortality rate (per 1000 live births) (SDG 3.2.1),1966.0,1966,WPR,Western Pacific,,,1966,1966,,,VNM,Viet Nam,,,,MLE,Male,,,,,,,,97.81 [79.77-119.47],97.81055,79.76602,119.46909,,,
2382,MDG_0000000007,Under-five mortality rate (per 1000 live births) (SDG 3.2.1),1973.0,1973,WPR,Western Pacific,,,1973,1973,,,VNM,Viet Nam,,,,MLE,Male,,,,,,,,90.73 [81.02-101.71],90.72743,81.02196,101.71201,,,
2383,MDG_0000000007,Under-five mortality rate (per 1000 live births) (SDG 3.2.1),1975.0,1975,WPR,Western Pacific,,,1975,1975,,,VNM,Viet Nam,,,,MLE,Male,,,,,,,,87.83 [79.09-97.56],87.83166,79.08947,97.55932,,,
2384,MDG_0000000007,Under-five mortality rate (per 1000 live births) (SDG 3.2.1),1982.0,1982,WPR,Western Pacific,,,1982,1982,,,VNM,Viet Nam,,,,MLE,Male,,,,,,,,75.64 [69.33-82.7],75.63763,69.32701,82.70062,,,
2385,MDG_0000000007,Under-five mortality rate (per 1000 live births) (SDG 3.2.1),1984.0,1984,WPR,Western Pacific,,,1984,1984,,,VNM,Viet Nam,,,,MLE,Male,,,,,,,,72.51 [66.49-79.22],72.51145,66.48576,79.21694,,,
2386,MDG_0000000007,Under-five mortality rate (per 1000 live births) (SDG 3.2.1),1989.0,1989,WPR,Western Pacific,,,1989,1989,,,VNM,Viet Nam,,,,MLE,Male,,,,,,,,62.23 [57.15-67.97],62.22549,57.14794,67.96598,,,
2387,MDG_0000000007,Under-five mortality rate (per 1000 live births) (SDG 3.2.1),1991.0,1991,WPR,Western Pacific,,,1991,1991,,,VNM,Viet Nam,,,,MLE,Male,,,,,,,,56.78 [52.17-61.98],56.78039,52.17211,61.98114,,,
2388,MDG_0000000007,Under-five mortality rate (per 1000 live births) (SDG 3.2.1),1998.0,1998,WPR,Western Pacific,,,1998,1998,,,VNM,Viet Nam,,,,MLE,Male,,,,,,,,38.64 [33.61-43.83],38.63865,33.61467,43.82524,,,
2389,MDG_0000000007,Under-five mortality rate (per 1000 live births) (SDG 3.2.1),2000.0,2000,WPR,Western Pacific,,,2000,2000,,,VNM,Viet Nam,,,,MLE,Male,,,,,,,,35.08 [29.93-40.27],35.07978,29.931,40.275,,,
2390,MDG_0000000007,Under-five mortality rate (per 1000 live births) (SDG 3.2.1),2007.0,2007,WPR,Western Pacific,,,2007,2007,,,VNM,Viet Nam,,,,MLE,Male,,,,,,,,28.25 [24.57-31.86],28.24912,24.57392,31.86371,,,
2391,MDG_0000000007,Under-five mortality rate (per 1000 live births) (SDG 3.2.1),2009.0,2009,WPR,Western Pacific,,,2009,2009,,,VNM,Viet Nam,,,,MLE,Male,,,,,,,,27.36 [24.56-30.2],27.36468,24.5607,30.19705,,,
2392,MDG_0000000007,Under-five mortality rate (per 1000 live births) (SDG 3.2.1),2014.0,2014,WPR,Western Pacific,,,2014,2014,,,VNM,Viet Nam,,,,MLE,Male,,,,,,,,25.92 [24.33-27.54],25.92130,24.33231,27.53823,,,
2393,MDG_0000000007,Under-five mortality rate (per 1000 live births) (SDG 3.2.1),2016.0,2016,WPR,Western Pacific,,,2016,2016,,,VNM,Viet Nam,,,,MLE,Male,,,,,,,,25.39 [23.87-26.99],25.38677,23.87275,26.99093,,,
2394,MDG_0000000007,Under-five mortality rate (per 1000 live births) (SDG 3.2.1),1965.0,1965,WPR,Western Pacific,,,1965,1965,,,VNM,Viet Nam,,,,BTSX,Both sexes,,,,,,,,86.32 [68.72-107.77],86.32398,68.72395,107.77292,,,
2395,MDG_0000000007,Under-five mortality rate (per 1000 live births) (SDG 3.2.1),1967.0,1967,WPR,Western Pacific,,,1967,1967,,,VNM,Viet Nam,,,,BTSX,Both sexes,,,,,,,,85 [71.06-101.6],84.99891,71.05551,101.60018,,,
2396,MDG_0000000007,Under-five mortality rate (per 1000 live births) (SDG 3.2.1),1974.0,1974,WPR,Western Pacific,,,1974,1974,,,VNM,Viet Nam,,,,BTSX,Both sexes,,,,,,,,78.69 [70.84-87.42],78.69113,70.83782,87.42485,,,
2397,MDG_0000000007,Under-five mortality rate (per 1000 live births) (SDG 3.2.1),1976.0,1976,WPR,Western Pacific,,,1976,1976,,,VNM,Viet Nam,,,,BTSX,Both sexes,,,,,,,,75.88 [68.77-83.72],75.87533,68.77062,83.71504,,,
2398,MDG_0000000007,Under-five mortality rate (per 1000 live births) (SDG 3.2.1),1981.0,1981,WPR,Western Pacific,,,1981,1981,,,VNM,Viet Nam,,,,BTSX,Both sexes,,,,,,,,67.8 [62.25-73.92],67.79846,62.2474,73.91711,,,
2399,MDG_0000000007,Under-five mortality rate (per 1000 live births) (SDG 3.2.1),1983.0,1983,WPR,Western Pacific,,,1983,1983,,,VNM,Viet Nam,,,,BTSX,Both sexes,,,,,,,,64.89 [59.77-70.68],64.89315,59.7729,70.67979,,,
2400,MDG_0000000007,Under-five mortality rate (per 1000 live births) (SDG 3.2.1),1990.0,1990,WPR,Western Pacific,,,1990,1990,,,VNM,Viet Nam,,,,BTSX,Both sexes,,,,,,,,51.67 [47.58-56.26],51.67440,47.57912,56.25765,,,
2401,MDG_0000000007,Under-five mortality rate (per 1000 live births) (SDG 3.2.1),1992.0,1992,WPR,Western Pacific,,,1992,1992,,,VNM,Viet Nam,,,,BTSX,Both sexes,,,,,,,,46.56 [42.88-50.61],46.56162,42.88483,50.61125,,,
2402,MDG_0000000007,Under-five mortality rate (per 1000 live births) (SDG 3.2.1),1999.0,1999,WPR,Western Pacific,,,1999,1999,,,VNM,Viet Nam,,,,BTSX,Both sexes,,,,,,,,31.46 [27.12-35.82],31.46123,27.12095,35.81595,,,
2403,MDG_0000000007,Under-five mortality rate (per 1000 live births) (SDG 3.2.1),2001.0,2001,WPR,Western Pacific,,,2001,2001,,,VNM,Viet Nam,,,,BTSX,Both sexes,,,,,,,,28.7 [24.32-33.01],28.69811,24.32012,33.01461,,,
2404,MDG_0000000007,Under-five mortality rate (per 1000 live births) (SDG 3.2.1),2006.0,2006,WPR,Western Pacific,,,2006,2006,,,VNM,Viet Nam,,,,BTSX,Both sexes,,,,,,,,24.55 [21.11-27.92],24.54710,21.11316,27.91795,,,
2405,MDG_0000000007,Under-five mortality rate (per 1000 live births) (SDG 3.2.1),2008.0,2008,WPR,Western Pacific,,,2008,2008,,,VNM,Viet Nam,,,,BTSX,Both sexes,,,,,,,,23.67 [20.99-26.34],23.66820,20.98588,26.33657,,,
2406,MDG_0000000007,Under-five mortality rate (per 1000 live births) (SDG 3.2.1),2010.0,2010,WPR,Western Pacific,,,2010,2010,,,VNM,Viet Nam,,,,BTSX,Both sexes,,,,,,,,23.05 [21.09-25.06],23.04897,21.08912,25.05736,,,
2407,MDG_0000000007,Under-five mortality rate (per 1000 live births) (SDG 3.2.1),2015.0,2015,WPR,Western Pacific,,,2015,2015,,,VNM,Viet Nam,,,,BTSX,Both sexes,,,,,,,,21.89 [20.66-23.14],21.89239,20.6556,23.14442,,,
2408,MDG_0000000007,Under-five mortality rate (per 1000 live births) (SDG 3.2.1),2017.0,2017,WPR,Western Pacific,,,2017,2017,,,VNM,Viet Nam,,,,BTSX,Both sexes,,,,,,,,21.46 [20.19-22.8],21.45929,20.19411,22.7974,,,
2772,MDG_0000000007,Under-five mortality rate (per 1000 live births) (SDG 3.2.1),1968.0,1968,WPR,Western Pacific,,,1968,1968,,,VNM,Viet Nam,,,,FMLE,Female,,,,,,,,72.04 [60.93-84.98],72.03865,60.93248,84.97651,,,
2773,MDG_0000000007,Under-five mortality rate (per 1000 live births) (SDG 3.2.1),1969.0,1969,WPR,Western Pacific,,,1969,1969,,,VNM,Viet Nam,,,,FMLE,Female,,,,,,,,71.44 [61.22-83.19],71.43984,61.22483,83.19056,,,
2774,MDG_0000000007,Under-five mortality rate (per 1000 live births) (SDG 3.2.1),1970.0,1970,WPR,Western Pacific,,,1970,1970,,,VNM,Viet Nam,,,,FMLE,Female,,,,,,,,70.84 [61.5-81.5],70.83790,61.50059,81.49571,,,
2775,MDG_0000000007,Under-five mortality rate (per 1000 live births) (SDG 3.2.1),1971.0,1971,WPR,Western Pacific,,,1971,1971,,,VNM,Viet Nam,,,,FMLE,Female,,,,,,,,70.16 [61.46-79.97],70.16312,61.46198,79.9749,,,
2776,MDG_0000000007,Under-five mortality rate (per 1000 live births) (SDG 3.2.1),1984.0,1984,WPR,Western Pacific,,,1984,1984,,,VNM,Viet Nam,,,,FMLE,Female,,,,,,,,53.95 [49.35-58.98],53.95074,49.35445,58.97657,,,
2777,MDG_0000000007,Under-five mortality rate (per 1000 live births) (SDG 3.2.1),1985.0,1985,WPR,Western Pacific,,,1985,1985,,,VNM,Viet Nam,,,,FMLE,Female,,,,,,,,52.63 [48.15-57.53],52.63043,48.15047,57.5251,,,
2778,MDG_0000000007,Under-five mortality rate (per 1000 live births) (SDG 3.2.1),1986.0,1986,WPR,Western Pacific,,,1986,1986,,,VNM,Viet Nam,,,,FMLE,Female,,,,,,,,51.19 [46.79-55.96],51.18508,46.7932,55.95953,,,
2779,MDG_0000000007,Under-five mortality rate (per 1000 live births) (SDG 3.2.1),1987.0,1987,WPR,Western Pacific,,,1987,1987,,,VNM,Viet Nam,,,,FMLE,Female,,,,,,,,49.49 [45.2-54.17],49.49114,45.19802,54.16618,,,
2780,MDG_0000000007,Under-five mortality rate (per 1000 live births) (SDG 3.2.1),1988.0,1988,WPR,Western Pacific,,,1988,1988,,,VNM,Viet Nam,,,,FMLE,Female,,,,,,,,47.58 [43.49-52.13],47.57861,43.48904,52.1296,,,
2781,MDG_0000000007,Under-five mortality rate (per 1000 live births) (SDG 3.2.1),2001.0,2001,WPR,Western Pacific,,,2001,2001,,,VNM,Viet Nam,,,,FMLE,Female,,,,,,,,23.53 [19.83-27.19],23.52854,19.825,27.18808,,,
2782,MDG_0000000007,Under-five mortality rate (per 1000 live births) (SDG 3.2.1),2002.0,2002,WPR,Western Pacific,,,2002,2002,,,VNM,Viet Nam,,,,FMLE,Female,,,,,,,,22.6 [19-26.24],22.60445,18.99673,26.23786,,,
2783,MDG_0000000007,Under-five mortality rate (per 1000 live births) (SDG 3.2.1),2003.0,2003,WPR,Western Pacific,,,2003,2003,,,VNM,Viet Nam,,,,FMLE,Female,,,,,,,,21.83 [18.35-25.32],21.83398,18.35315,25.31809,,,
2784,MDG_0000000007,Under-five mortality rate (per 1000 live births) (SDG 3.2.1),2004.0,2004,WPR,Western Pacific,,,2004,2004,,,VNM,Viet Nam,,,,FMLE,Female,,,,,,,,21.09 [17.81-24.4],21.09108,17.80646,24.40498,,,
2785,MDG_0000000007,Under-five mortality rate (per 1000 live births) (SDG 3.2.1),2018.0,2018,WPR,Western Pacific,,,2018,2018,,,VNM,Viet Nam,,,,FMLE,Female,,,,,,,,17.46 [16.17-18.85],17.45506,16.17428,18.85237,,,
2786,MDG_0000000007,Under-five mortality rate (per 1000 live births) (SDG 3.2.1),2019.0,2019,WPR,Western Pacific,,,2019,2019,,,VNM,Viet Nam,,,,FMLE,Female,,,,,,,,17.31 [15.88-18.91],17.30757,15.87642,18.90675,,,
2787,MDG_0000000007,Under-five mortality rate (per 1000 live births) (SDG 3.2.1),2020.0,2020,WPR,Western Pacific,,,2020,2020,,,VNM,Viet Nam,,,,FMLE,Female,,,,,,,,17.14 [15.46-19.06],17.13831,15.45889,19.06159,,,
2788,MDG_0000000007,Under-five mortality rate (per 1000 live births) (SDG 3.2.1),2021.0,2021,WPR,Western Pacific,,,2021,2021,,,VNM,Viet Nam,,,,FMLE,Female,,,,,,,,16.95 [14.98-19.33],16.95222,14.97891,19.333,,,
2789,MDG_0000000007,Under-five mortality rate (per 1000 live births) (SDG 3.2.1),1977.0,1977,WPR,Western Pacific,,,1977,1977,,,VNM,Viet Nam,,,,MLE,Male,,,,,,,,84.45 [76.44-93.2],84.44794,76.4357,93.19706,,,
2790,MDG_0000000007,Under-five mortality rate (per 1000 live births) (SDG 3.2.1),1978.0,1978,WPR,Western Pacific,,,1978,1978,,,VNM,Viet Nam,,,,MLE,Male,,,,,,,,82.65 [75.01-90.92],82.65062,75.00598,90.92357,,,
2791,MDG_0000000007,Under-five mortality rate (per 1000 live births) (SDG 3.2.1),1979.0,1979,WPR,Western Pacific,,,1979,1979,,,VNM,Viet Nam,,,,MLE,Male,,,,,,,,80.79 [73.57-88.67],80.79453,73.57474,88.67405,,,
2792,MDG_0000000007,Under-five mortality rate (per 1000 live births) (SDG 3.2.1),1980.0,1980,WPR,Western Pacific,,,1980,1980,,,VNM,Viet Nam,,,,MLE,Male,,,,,,,,79 [72.18-86.52],78.99935,72.17556,86.51761,,,
2793,MDG_0000000007,Under-five mortality rate (per 1000 live births) (SDG 3.2.1),1993.0,1993,WPR,Western Pacific,,,1993,1993,,,VNM,Viet Nam,,,,MLE,Male,,,,,,,,51.09 [46.74-55.82],51.08765,46.73728,55.82051,,,
2794,MDG_0000000007,Under-five mortality rate (per 1000 live births) (SDG 3.2.1),1994.0,1994,WPR,Western Pacific,,,1994,1994,,,VNM,Viet Nam,,,,MLE,Male,,,,,,,,48.29 [43.92-53.03],48.28672,43.9234,53.02844,,,
2795,MDG_0000000007,Under-five mortality rate (per 1000 live births) (SDG 3.2.1),1995.0,1995,WPR,Western Pacific,,,1995,1995,,,VNM,Viet Nam,,,,MLE,Male,,,,,,,,45.59 [41.09-50.39],45.59199,41.09478,50.39298,,,
2796,MDG_0000000007,Under-five mortality rate (per 1000 live births) (SDG 3.2.1),1996.0,1996,WPR,Western Pacific,,,1996,1996,,,VNM,Viet Nam,,,,MLE,Male,,,,,,,,43.1 [38.43-48.07],43.10086,38.43111,48.07429,,,
2797,MDG_0000000007,Under-five mortality rate (per 1000 live births) (SDG 3.2.1),2010.0,2010,WPR,Western Pacific,,,2010,2010,,,VNM,Viet Nam,,,,MLE,Male,,,,,,,,27.04 [24.65-29.46],27.04479,24.65035,29.46452,,,
2798,MDG_0000000007,Under-five mortality rate (per 1000 live births) (SDG 3.2.1),2011.0,2011,WPR,Western Pacific,,,2011,2011,,,VNM,Viet Nam,,,,MLE,Male,,,,,,,,26.74 [24.7-28.87],26.74073,24.69964,28.86812,,,
2799,MDG_0000000007,Under-five mortality rate (per 1000 live births) (SDG 3.2.1),2012.0,2012,WPR,Western Pacific,,,2012,2012,,,VNM,Viet Nam,,,,MLE,Male,,,,,,,,26.48 [24.65-28.36],26.47973,24.64872,28.35741,,,
2800,MDG_0000000007,Under-five mortality rate (per 1000 live births) (SDG 3.2.1),2013.0,2013,WPR,Western Pacific,,,2013,2013,,,VNM,Viet Nam,,,,MLE,Male,,,,,,,,26.19 [24.51-27.91],26.19469,24.50769,27.91076,,,
2801,MDG_0000000007,Under-five mortality rate (per 1000 live births) (SDG 3.2.1),1969.0,1969,WPR,Western Pacific,,,1969,1969,,,VNM,Viet Nam,,,,BTSX,Both sexes,,,,,,,,83.64 [72.03-96.87],83.64396,72.03387,96.87287,,,
2802,MDG_0000000007,Under-five mortality rate (per 1000 live births) (SDG 3.2.1),1970.0,1970,WPR,Western Pacific,,,1970,1970,,,VNM,Viet Nam,,,,BTSX,Both sexes,,,,,,,,82.81 [72.39-94.8],82.81406,72.38537,94.80263,,,
2803,MDG_0000000007,Under-five mortality rate (per 1000 live births) (SDG 3.2.1),1971.0,1971,WPR,Western Pacific,,,1971,1971,,,VNM,Viet Nam,,,,BTSX,Both sexes,,,,,,,,81.96 [72.34-93.01],81.96250,72.33748,93.00723,,,
2804,MDG_0000000007,Under-five mortality rate (per 1000 live births) (SDG 3.2.1),1972.0,1972,WPR,Western Pacific,,,1972,1972,,,VNM,Viet Nam,,,,BTSX,Both sexes,,,,,,,,80.99 [71.93-91.11],80.99369,71.92744,91.11229,,,
2805,MDG_0000000007,Under-five mortality rate (per 1000 live births) (SDG 3.2.1),1985.0,1985,WPR,Western Pacific,,,1985,1985,,,VNM,Viet Nam,,,,BTSX,Both sexes,,,,,,,,61.97 [57-67.42],61.96970,57.00174,67.41875,,,
2806,MDG_0000000007,Under-five mortality rate (per 1000 live births) (SDG 3.2.1),1986.0,1986,WPR,Western Pacific,,,1986,1986,,,VNM,Viet Nam,,,,BTSX,Both sexes,,,,,,,,60.33 [55.47-65.72],60.33110,55.46747,65.71732,,,
2807,MDG_0000000007,Under-five mortality rate (per 1000 live births) (SDG 3.2.1),1987.0,1987,WPR,Western Pacific,,,1987,1987,,,VNM,Viet Nam,,,,BTSX,Both sexes,,,,,,,,58.48 [53.69-63.74],58.47747,53.68639,63.73757,,,
2808,MDG_0000000007,Under-five mortality rate (per 1000 live births) (SDG 3.2.1),1988.0,1988,WPR,Western Pacific,,,1988,1988,,,VNM,Viet Nam,,,,BTSX,Both sexes,,,,,,,,56.4 [51.84-61.42],56.40420,51.84093,61.41777,,,
2809,MDG_0000000007,Under-five mortality rate (per 1000 live births) (SDG 3.2.1),1989.0,1989,WPR,Western Pacific,,,1989,1989,,,VNM,Viet Nam,,,,BTSX,Both sexes,,,,,,,,54.1 [49.78-58.95],54.10499,49.78228,58.94923,,,
2810,MDG_0000000007,Under-five mortality rate (per 1000 live births) (SDG 3.2.1),2002.0,2002,WPR,Western Pacific,,,2002,2002,,,VNM,Viet Nam,,,,BTSX,Both sexes,,,,,,,,27.61 [23.27-31.78],27.60928,23.27414,31.78405,,,
2811,MDG_0000000007,Under-five mortality rate (per 1000 live births) (SDG 3.2.1),2003.0,2003,WPR,Western Pacific,,,2003,2003,,,VNM,Viet Nam,,,,BTSX,Both sexes,,,,,,,,26.66 [22.47-30.68],26.65561,22.47475,30.68151,,,
2812,MDG_0000000007,Under-five mortality rate (per 1000 live births) (SDG 3.2.1),2004.0,2004,WPR,Western Pacific,,,2004,2004,,,VNM,Viet Nam,,,,BTSX,Both sexes,,,,,,,,25.83 [21.84-29.67],25.83023,21.84106,29.672,,,
2813,MDG_0000000007,Under-five mortality rate (per 1000 live births) (SDG 3.2.1),2005.0,2005,WPR,Western Pacific,,,2005,2005,,,VNM,Viet Nam,,,,BTSX,Both sexes,,,,,,,,25.12 [21.43-28.77],25.12093,21.43107,28.76628,,,
2814,MDG_0000000007,Under-five mortality rate (per 1000 live births) (SDG 3.2.1),2019.0,2019,WPR,Western Pacific,,,2019,2019,,,VNM,Viet Nam,,,,BTSX,Both sexes,,,,,,,,21.06 [19.45-22.79],21.06348,19.44577,22.79467,,,
2815,MDG_0000000007,Under-five mortality rate (per 1000 live births) (SDG 3.2.1),2020.0,2020,WPR,Western Pacific,,,2020,2020,,,VNM,Viet Nam,,,,BTSX,Both sexes,,,,,,,,20.85 [18.92-23.04],20.85237,18.91622,23.04316,,,
2816,MDG_0000000007,Under-five mortality rate (per 1000 live births) (SDG 3.2.1),2021.0,2021,WPR,Western Pacific,,,2021,2021,,,VNM,Viet Nam,,,,BTSX,Both sexes,,,,,,,,20.6 [18.32-23.35],20.60163,18.31883,23.35093,,,
3188,MDG_0000000007,Under-five mortality rate (per 1000 live births) (SDG 3.2.1),1976.0,1976,WPR,Western Pacific,,,1976,1976,,,VNM,Viet Nam,,,,FMLE,Female,,,,,,,,65.06 [58.52-72.27],65.06062,58.51577,72.27357,,,
3189,MDG_0000000007,Under-five mortality rate (per 1000 live births) (SDG 3.2.1),1977.0,1977,WPR,Western Pacific,,,1977,1977,,,VNM,Viet Nam,,,,FMLE,Female,,,,,,,,63.68 [57.43-70.46],63.67815,57.42852,70.45639,,,
3190,MDG_0000000007,Under-five mortality rate (per 1000 live births) (SDG 3.2.1),1978.0,1978,WPR,Western Pacific,,,1978,1978,,,VNM,Viet Nam,,,,FMLE,Female,,,,,,,,62.16 [56.23-68.52],62.15647,56.22701,68.51741,,,
3191,MDG_0000000007,Under-five mortality rate (per 1000 live births) (SDG 3.2.1),1979.0,1979,WPR,Western Pacific,,,1979,1979,,,VNM,Viet Nam,,,,FMLE,Female,,,,,,,,60.7 [55.1-66.69],60.69989,55.09899,66.69088,,,
3192,MDG_0000000007,Under-five mortality rate (per 1000 live births) (SDG 3.2.1),1993.0,1993,WPR,Western Pacific,,,1993,1993,,,VNM,Viet Nam,,,,FMLE,Female,,,,,,,,36.56 [33.37-40.06],36.55540,33.37477,40.05882,,,
3193,MDG_0000000007,Under-five mortality rate (per 1000 live births) (SDG 3.2.1),1994.0,1994,WPR,Western Pacific,,,1994,1994,,,VNM,Viet Nam,,,,FMLE,Female,,,,,,,,34.43 [31.25-37.91],34.43148,31.24893,37.91114,,,
3194,MDG_0000000007,Under-five mortality rate (per 1000 live births) (SDG 3.2.1),1995.0,1995,WPR,Western Pacific,,,1995,1995,,,VNM,Viet Nam,,,,FMLE,Female,,,,,,,,32.43 [29.15-35.9],32.42841,29.15085,35.90429,,,
3195,MDG_0000000007,Under-five mortality rate (per 1000 live births) (SDG 3.2.1),1996.0,1996,WPR,Western Pacific,,,1996,1996,,,VNM,Viet Nam,,,,FMLE,Female,,,,,,,,30.53 [27.13-34.11],30.52937,27.13364,34.10878,,,
3196,MDG_0000000007,Under-five mortality rate (per 1000 live births) (SDG 3.2.1),2010.0,2010,WPR,Western Pacific,,,2010,2010,,,VNM,Viet Nam,,,,FMLE,Female,,,,,,,,18.85 [17.13-20.66],18.84642,17.12645,20.6595,,,
3197,MDG_0000000007,Under-five mortality rate (per 1000 live births) (SDG 3.2.1),2011.0,2011,WPR,Western Pacific,,,2011,2011,,,VNM,Viet Nam,,,,FMLE,Female,,,,,,,,18.63 [17.13-20.22],18.63200,17.13086,20.22162,,,
3198,MDG_0000000007,Under-five mortality rate (per 1000 live births) (SDG 3.2.1),2012.0,2012,WPR,Western Pacific,,,2012,2012,,,VNM,Viet Nam,,,,FMLE,Female,,,,,,,,18.43 [17.09-19.85],18.43121,17.0936,19.85377,,,
3199,MDG_0000000007,Under-five mortality rate (per 1000 live births) (SDG 3.2.1),2013.0,2013,WPR,Western Pacific,,,2013,2013,,,VNM,Viet Nam,,,,FMLE,Female,,,,,,,,18.26 [17.01-19.57],18.26079,17.01484,19.56877,,,
3200,MDG_0000000007,Under-five mortality rate (per 1000 live births) (SDG 3.2.1),1968.0,1968,WPR,Western Pacific,,,1968,1968,,,VNM,Viet Nam,,,,MLE,Male,,,,,,,,95.96 [81.53-113.04],95.96117,81.52922,113.03925,,,
3201,MDG_0000000007,Under-five mortality rate (per 1000 live births) (SDG 3.2.1),1969.0,1969,WPR,Western Pacific,,,1969,1969,,,VNM,Viet Nam,,,,MLE,Male,,,,,,,,95.2 [81.93-110.51],95.19934,81.93197,110.50767,,,
3202,MDG_0000000007,Under-five mortality rate (per 1000 live births) (SDG 3.2.1),1970.0,1970,WPR,Western Pacific,,,1970,1970,,,VNM,Viet Nam,,,,MLE,Male,,,,,,,,94.17 [82.14-108.1],94.16572,82.14347,108.09581,,,
3203,MDG_0000000007,Under-five mortality rate (per 1000 live births) (SDG 3.2.1),1971.0,1971,WPR,Western Pacific,,,1971,1971,,,VNM,Viet Nam,,,,MLE,Male,,,,,,,,93.18 [82.02-105.99],93.17747,82.02291,105.99458,,,
3204,MDG_0000000007,Under-five mortality rate (per 1000 live births) (SDG 3.2.1),1985.0,1985,WPR,Western Pacific,,,1985,1985,,,VNM,Viet Nam,,,,MLE,Male,,,,,,,,70.87 [65.03-77.4],70.86876,65.03444,77.40424,,,
3205,MDG_0000000007,Under-five mortality rate (per 1000 live births) (SDG 3.2.1),1986.0,1986,WPR,Western Pacific,,,1986,1986,,,VNM,Viet Nam,,,,MLE,Male,,,,,,,,69.08 [63.37-75.48],69.07511,63.36705,75.48119,,,
3206,MDG_0000000007,Under-five mortality rate (per 1000 live births) (SDG 3.2.1),1987.0,1987,WPR,Western Pacific,,,1987,1987,,,VNM,Viet Nam,,,,MLE,Male,,,,,,,,67.07 [61.51-73.31],67.06910,61.50688,73.30786,,,
3207,MDG_0000000007,Under-five mortality rate (per 1000 live births) (SDG 3.2.1),1988.0,1988,WPR,Western Pacific,,,1988,1988,,,VNM,Viet Nam,,,,MLE,Male,,,,,,,,64.8 [59.39-70.71],64.79533,59.38638,70.711,,,
3208,MDG_0000000007,Under-five mortality rate (per 1000 live births) (SDG 3.2.1),2002.0,2002,WPR,Western Pacific,,,2002,2002,,,VNM,Viet Nam,,,,MLE,Male,,,,,,,,32.37 [27.26-37.32],32.37088,27.26061,37.3164,,,
3209,MDG_0000000007,Under-five mortality rate (per 1000 live births) (SDG 3.2.1),2003.0,2003,WPR,Western Pacific,,,2003,2003,,,VNM,Viet Nam,,,,MLE,Male,,,,,,,,31.25 [26.31-36.02],31.25181,26.30872,36.0235,,,
3210,MDG_0000000007,Under-five mortality rate (per 1000 live births) (SDG 3.2.1),2004.0,2004,WPR,Western Pacific,,,2004,2004,,,VNM,Viet Nam,,,,MLE,Male,,,,,,,,30.33 [25.63-34.87],30.32504,25.62573,34.86871,,,
3211,MDG_0000000007,Under-five mortality rate (per 1000 live births) (SDG 3.2.1),2005.0,2005,WPR,Western Pacific,,,2005,2005,,,VNM,Viet Nam,,,,MLE,Male,,,,,,,,29.5 [25.09-33.8],29.49740,25.08606,33.80048,,,
3212,MDG_0000000007,Under-five mortality rate (per 1000 live births) (SDG 3.2.1),2018.0,2018,WPR,Western Pacific,,,2018,2018,,,VNM,Viet Nam,,,,MLE,Male,,,,,,,,24.87 [23.18-26.72],24.87225,23.1775,26.71949,,,
3213,MDG_0000000007,Under-five mortality rate (per 1000 live births) (SDG 3.2.1),2019.0,2019,WPR,Western Pacific,,,2019,2019,,,VNM,Viet Nam,,,,MLE,Male,,,,,,,,24.64 [22.69-26.78],24.64057,22.68888,26.78495,,,
3214,MDG_0000000007,Under-five mortality rate (per 1000 live births) (SDG 3.2.1),2020.0,2020,WPR,Western Pacific,,,2020,2020,,,VNM,Viet Nam,,,,MLE,Male,,,,,,,,24.39 [22.07-27.02],24.38756,22.06996,27.02022,,,
3215,MDG_0000000007,Under-five mortality rate (per 1000 live births) (SDG 3.2.1),2021.0,2021,WPR,Western Pacific,,,2021,2021,,,VNM,Viet Nam,,,,MLE,Male,,,,,,,,24.07 [21.32-27.3],24.06655,21.31619,27.30486,,,
3216,MDG_0000000007,Under-five mortality rate (per 1000 live births) (SDG 3.2.1),1964.0,1964,WPR,Western Pacific,,,1964,1964,,,VNM,Viet Nam,,,,BTSX,Both sexes,,,,,,,,87.17 [67.1-111.58],87.16664,67.1011,111.57703,,,
3217,MDG_0000000007,Under-five mortality rate (per 1000 live births) (SDG 3.2.1),1977.0,1977,WPR,Western Pacific,,,1977,1977,,,VNM,Viet Nam,,,,BTSX,Both sexes,,,,,,,,74.27 [67.54-81.8],74.27294,67.53789,81.79804,,,
3218,MDG_0000000007,Under-five mortality rate (per 1000 live births) (SDG 3.2.1),1978.0,1978,WPR,Western Pacific,,,1978,1978,,,VNM,Viet Nam,,,,BTSX,Both sexes,,,,,,,,72.67 [66.21-79.71],72.67159,66.20788,79.70521,,,
3219,MDG_0000000007,Under-five mortality rate (per 1000 live births) (SDG 3.2.1),1979.0,1979,WPR,Western Pacific,,,1979,1979,,,VNM,Viet Nam,,,,BTSX,Both sexes,,,,,,,,71.01 [64.89-77.59],71.00743,64.89404,77.59328,,,
3220,MDG_0000000007,Under-five mortality rate (per 1000 live births) (SDG 3.2.1),1980.0,1980,WPR,Western Pacific,,,1980,1980,,,VNM,Viet Nam,,,,BTSX,Both sexes,,,,,,,,69.36 [63.57-75.67],69.36177,63.57273,75.66696,,,
3221,MDG_0000000007,Under-five mortality rate (per 1000 live births) (SDG 3.2.1),1994.0,1994,WPR,Western Pacific,,,1994,1994,,,VNM,Viet Nam,,,,BTSX,Both sexes,,,,,,,,41.55 [37.9-45.43],41.55395,37.89682,45.42826,,,
3222,MDG_0000000007,Under-five mortality rate (per 1000 live births) (SDG 3.2.1),1995.0,1995,WPR,Western Pacific,,,1995,1995,,,VNM,Viet Nam,,,,BTSX,Both sexes,,,,,,,,39.18 [35.41-43.15],39.18434,35.40797,43.15194,,,
3223,MDG_0000000007,Under-five mortality rate (per 1000 live births) (SDG 3.2.1),1996.0,1996,WPR,Western Pacific,,,1996,1996,,,VNM,Viet Nam,,,,BTSX,Both sexes,,,,,,,,36.98 [33.09-41.09],36.98347,33.08526,41.08657,,,
3224,MDG_0000000007,Under-five mortality rate (per 1000 live births) (SDG 3.2.1),1997.0,1997,WPR,Western Pacific,,,1997,1997,,,VNM,Viet Nam,,,,BTSX,Both sexes,,,,,,,,34.97 [30.88-39.18],34.97007,30.87979,39.18146,,,
3225,MDG_0000000007,Under-five mortality rate (per 1000 live births) (SDG 3.2.1),2011.0,2011,WPR,Western Pacific,,,2011,2011,,,VNM,Viet Nam,,,,BTSX,Both sexes,,,,,,,,22.8 [21.11-24.53],22.79803,21.10872,24.5263,,,
3226,MDG_0000000007,Under-five mortality rate (per 1000 live births) (SDG 3.2.1),2012.0,2012,WPR,Western Pacific,,,2012,2012,,,VNM,Viet Nam,,,,BTSX,Both sexes,,,,,,,,22.56 [21.08-24.08],22.56051,21.08156,24.07538,,,
3227,MDG_0000000007,Under-five mortality rate (per 1000 live births) (SDG 3.2.1),2013.0,2013,WPR,Western Pacific,,,2013,2013,,,VNM,Viet Nam,,,,BTSX,Both sexes,,,,,,,,22.33 [20.98-23.72],22.33397,20.97907,23.7198,,,
3228,MDG_0000000007,Under-five mortality rate (per 1000 live births) (SDG 3.2.1),2014.0,2014,WPR,Western Pacific,,,2014,2014,,,VNM,Viet Nam,,,,BTSX,Both sexes,,,,,,,,22.11 [20.83-23.39],22.10784,20.82819,23.39061,,,
