GHO (CODE),GHO (DISPLAY),GHO (URL),PUBLISHSTATE (CODE),PUBLISHSTATE (DISPLAY),PUBLISHSTATE (URL),YEAR (CODE),YEAR (DISPLAY),YEAR (URL),REGION (CODE),REGION (DISPLAY),REGION (URL),COUNTRY (CODE),STARTYEAR,ENDYEAR,COUNTRY (DISPLAY),COUNTRY (URL),Display Value,Numeric,Low,High,StdErr,StdDev,Comments
#indicator+code,#indicator+name,#indicator+url,#status+code,#status+name,,,#date+year,,#region+code,#region+name,,#country+code,#date+year+start,#date+year+end,#country+name,,,#indicator+value+num,,,,,
MALARIA_PV_INDIG,Number of indigenous P. vivax malaria cases,https://www.who.int/data/gho/indicator-metadata-registry/imr-details/4636,PUBLISHED,Published,,2010,2010,,WPR,Western Pacific,,VNM,2010,2010,Viet Nam,,4 466,4466.00000,,,,,
MALARIA_PV_INDIG,Number of indigenous P. vivax malaria cases,https://www.who.int/data/gho/indicator-metadata-registry/imr-details/4636,PUBLISHED,Published,,2011,2011,,WPR,Western Pacific,,VNM,2011,2011,Viet Nam,,5 602,5602.00000,,,,,
MALARIA_PV_INDIG,Number of indigenous P. vivax malaria cases,https://www.who.int/data/gho/indicator-metadata-registry/imr-details/4636,PUBLISHED,Published,,2012,2012,,WPR,Western Pacific,,VNM,2012,2012,Viet Nam,,7 220,7220.00000,,,,,
MALARIA_PV_INDIG,Number of indigenous P. vivax malaria cases,https://www.who.int/data/gho/indicator-metadata-registry/imr-details/4636,PUBLISHED,Published,,2013,2013,,WPR,Western Pacific,,VNM,2013,2013,Viet Nam,,6 901,6901.00000,,,,,
MALARIA_PV_INDIG,Number of indigenous P. vivax malaria cases,https://www.who.int/data/gho/indicator-metadata-registry/imr-details/4636,PUBLISHED,Published,,2014,2014,,WPR,Western Pacific,,VNM,2014,2014,Viet Nam,,7 220,7220.00000,,,,,
MALARIA_PV_INDIG,Number of indigenous P. vivax malaria cases,https://www.who.int/data/gho/indicator-metadata-registry/imr-details/4636,PUBLISHED,Published,,2015,2015,,WPR,Western Pacific,,VNM,2015,2015,Viet Nam,,4 756,4756.00000,,,,,
MALARIA_PV_INDIG,Number of indigenous P. vivax malaria cases,https://www.who.int/data/gho/indicator-metadata-registry/imr-details/4636,PUBLISHED,Published,,2016,2016,,WPR,Western Pacific,,VNM,2016,2016,Viet Nam,,1 750,1750.00000,,,,,
MALARIA_PV_INDIG,Number of indigenous P. vivax malaria cases,https://www.who.int/data/gho/indicator-metadata-registry/imr-details/4636,PUBLISHED,Published,,2017,2017,,WPR,Western Pacific,,VNM,2017,2017,Viet Nam,,1 608,1608.00000,,,,,
MALARIA_PV_INDIG,Number of indigenous P. vivax malaria cases,https://www.who.int/data/gho/indicator-metadata-registry/imr-details/4636,PUBLISHED,Published,,2018,2018,,WPR,Western Pacific,,VNM,2018,2018,Viet Nam,,1 751,1751.00000,,,,,
MALARIA_PV_INDIG,Number of indigenous P. vivax malaria cases,https://www.who.int/data/gho/indicator-metadata-registry/imr-details/4636,PUBLISHED,Published,,2019,2019,,WPR,Western Pacific,,VNM,2019,2019,Viet Nam,,1 514,1514.00000,,,,,
MALARIA_PV_INDIG,Number of indigenous P. vivax malaria cases,https://www.who.int/data/gho/indicator-metadata-registry/imr-details/4636,PUBLISHED,Published,,2020,2020,,WPR,Western Pacific,,VNM,2020,2020,Viet Nam,,573,573.00000,,,,,
MALARIA_IMPORTED,Number of imported malaria cases,https://www.who.int/data/gho/indicator-metadata-registry/imr-details/4637,PUBLISHED,Published,,2018,2018,,WPR,Western Pacific,,VNM,2018,2018,Viet Nam,,1 681,1681.00000,,,,,
MALARIA_IMPORTED,Number of imported malaria cases,https://www.who.int/data/gho/indicator-metadata-registry/imr-details/4637,PUBLISHED,Published,,2019,2019,,WPR,Western Pacific,,VNM,2019,2019,Viet Nam,,1 565,1565.00000,,,,,
MALARIA_IMPORTED,Number of imported malaria cases,https://www.who.int/data/gho/indicator-metadata-registry/imr-details/4637,PUBLISHED,Published,,2020,2020,,WPR,Western Pacific,,VNM,2020,2020,Viet Nam,,46,46.00000,,,,,
MALARIA_EST_CASES,Estimated number of malaria cases,https://www.who.int/data/gho/indicator-metadata-registry/imr-details/2971,PUBLISHED,Published,,2000,2000,,WPR,Western Pacific,,VNM,2000,2000,Viet Nam,,201 414 [158 000-268 000],201414.00000,158000.00000,268000.00000,,,
MALARIA_EST_CASES,Estimated number of malaria cases,https://www.who.int/data/gho/indicator-metadata-registry/imr-details/2971,PUBLISHED,Published,,2005,2005,,WPR,Western Pacific,,VNM,2005,2005,Viet Nam,,40 604 [34 000-51 000],40604.00000,34000.00000,51000.00000,,,
MALARIA_EST_CASES,Estimated number of malaria cases,https://www.who.int/data/gho/indicator-metadata-registry/imr-details/2971,PUBLISHED,Published,,2017,2017,,WPR,Western Pacific,,VNM,2017,2017,Viet Nam,,5 485 [5 000-6 100],5485.00000,5000.00000,6100.00000,,,
MALARIA_EST_CASES,Estimated number of malaria cases,https://www.who.int/data/gho/indicator-metadata-registry/imr-details/2971,PUBLISHED,Published,,2019,2019,,WPR,Western Pacific,,VNM,2019,2019,Viet Nam,,3 856 [3 600-4 300],3856.00000,3600.00000,4300.00000,,,
MALARIA_EST_CASES,Estimated number of malaria cases,https://www.who.int/data/gho/indicator-metadata-registry/imr-details/2971,PUBLISHED,Published,,2001,2001,,WPR,Western Pacific,,VNM,2001,2001,Viet Nam,,185 145 [147 000-240 000],185145.00000,147000.00000,240000.00000,,,
MALARIA_EST_CASES,Estimated number of malaria cases,https://www.who.int/data/gho/indicator-metadata-registry/imr-details/2971,PUBLISHED,Published,,2002,2002,,WPR,Western Pacific,,VNM,2002,2002,Viet Nam,,131 451 [105 000-171 000],131451.00000,105000.00000,171000.00000,,,
MALARIA_EST_CASES,Estimated number of malaria cases,https://www.who.int/data/gho/indicator-metadata-registry/imr-details/2971,PUBLISHED,Published,,2003,2003,,WPR,Western Pacific,,VNM,2003,2003,Viet Nam,,96 592 [78 000-124 000],96592.00000,78000.00000,124000.00000,,,
MALARIA_EST_CASES,Estimated number of malaria cases,https://www.who.int/data/gho/indicator-metadata-registry/imr-details/2971,PUBLISHED,Published,,2004,2004,,WPR,Western Pacific,,VNM,2004,2004,Viet Nam,,56 559 [47 000-72 000],56559.00000,47000.00000,72000.00000,,,
MALARIA_EST_CASES,Estimated number of malaria cases,https://www.who.int/data/gho/indicator-metadata-registry/imr-details/2971,PUBLISHED,Published,,2006,2006,,WPR,Western Pacific,,VNM,2006,2006,Viet Nam,,43 620 [37 000-54 000],43620.00000,37000.00000,54000.00000,,,
MALARIA_EST_CASES,Estimated number of malaria cases,https://www.who.int/data/gho/indicator-metadata-registry/imr-details/2971,PUBLISHED,Published,,2007,2007,,WPR,Western Pacific,,VNM,2007,2007,Viet Nam,,28 022 [24 000-34 000],28022.00000,24000.00000,34000.00000,,,
MALARIA_EST_CASES,Estimated number of malaria cases,https://www.who.int/data/gho/indicator-metadata-registry/imr-details/2971,PUBLISHED,Published,,2008,2008,,WPR,Western Pacific,,VNM,2008,2008,Viet Nam,,17 911 [16 000-22 000],17911.00000,16000.00000,22000.00000,,,
MALARIA_EST_CASES,Estimated number of malaria cases,https://www.who.int/data/gho/indicator-metadata-registry/imr-details/2971,PUBLISHED,Published,,2015,2015,,WPR,Western Pacific,,VNM,2015,2015,Viet Nam,,11 283 [10 000-13 000],11283.00000,10000.00000,13000.00000,,,
MALARIA_EST_CASES,Estimated number of malaria cases,https://www.who.int/data/gho/indicator-metadata-registry/imr-details/2971,PUBLISHED,Published,,2016,2016,,WPR,Western Pacific,,VNM,2016,2016,Viet Nam,,5 024 [4 600-5 600],5024.00000,4600.00000,5600.00000,,,
MALARIA_EST_CASES,Estimated number of malaria cases,https://www.who.int/data/gho/indicator-metadata-registry/imr-details/2971,PUBLISHED,Published,,2018,2018,,WPR,Western Pacific,,VNM,2018,2018,Viet Nam,,3 777 [3 500-4 200],3777.00000,3500.00000,4200.00000,,,
MALARIA_EST_CASES,Estimated number of malaria cases,https://www.who.int/data/gho/indicator-metadata-registry/imr-details/2971,PUBLISHED,Published,,2020,2020,,WPR,Western Pacific,,VNM,2020,2020,Viet Nam,,1 657 [1 500-1 900],1657.00000,1500.00000,1900.00000,,,
MALARIA_EST_CASES,Estimated number of malaria cases,https://www.who.int/data/gho/indicator-metadata-registry/imr-details/2971,PUBLISHED,Published,,2021,2021,,WPR,Western Pacific,,VNM,2021,2021,Viet Nam,,453 [420-510],453.00000,420.00000,510.00000,,,
MALARIA_1STLINE_TREATED,Number of malaria cases treated with any first  line tx courses (including artemisinin-based combination therapies (ACTs)),https://www.who.int/data/gho/indicator-metadata-registry/imr-details/3549,PUBLISHED,Published,,2019,2019,,WPR,Western Pacific,,VNM,2019,2019,Viet Nam,,5 892,5892.00000,,,,,
MALARIA_EST_CASES,Estimated number of malaria cases,https://www.who.int/data/gho/indicator-metadata-registry/imr-details/2971,PUBLISHED,Published,,2014,2014,,WPR,Western Pacific,,VNM,2014,2014,Viet Nam,,19 060 [18 000-21 000],19060.00000,18000.00000,21000.00000,,,
MALARIA_1STLINE_TREATED,Number of malaria cases treated with any first  line tx courses (including artemisinin-based combination therapies (ACTs)),https://www.who.int/data/gho/indicator-metadata-registry/imr-details/3549,PUBLISHED,Published,,2020,2020,,WPR,Western Pacific,,VNM,2020,2020,Viet Nam,,1 733,1733.00000,,,,,
MALARIA_1STLINE_TREATED,Number of malaria cases treated with any first  line tx courses (including artemisinin-based combination therapies (ACTs)),https://www.who.int/data/gho/indicator-metadata-registry/imr-details/3549,PUBLISHED,Published,,2021,2021,,WPR,Western Pacific,,VNM,2021,2021,Viet Nam,,1 799,1799.00000,,,,,
MALARIA_ACT_TREATED,Number of malaria cases treated with artemisinin-based combination therapies (ACTs),https://www.who.int/data/gho/indicator-metadata-registry/imr-details/3548,PUBLISHED,Published,,2020,2020,,WPR,Western Pacific,,VNM,2020,2020,Viet Nam,,818,818.00000,,,,,
MALARIA_EST_CASES,Estimated number of malaria cases,https://www.who.int/data/gho/indicator-metadata-registry/imr-details/2971,PUBLISHED,Published,,2013,2013,,WPR,Western Pacific,,VNM,2013,2013,Viet Nam,,20 760 [19 000-23 000],20760.00000,19000.00000,23000.00000,,,
MALARIA_ACT_TREATED,Number of malaria cases treated with artemisinin-based combination therapies (ACTs),https://www.who.int/data/gho/indicator-metadata-registry/imr-details/3548,PUBLISHED,Published,,2019,2019,,WPR,Western Pacific,,VNM,2019,2019,Viet Nam,,3 134,3134.00000,,,,,
MALARIA_CONF_CASES,Number of confirmed malaria cases,https://www.who.int/data/gho/indicator-metadata-registry/imr-details/50,PUBLISHED,Published,,2017,2017,,WPR,Western Pacific,,VNM,2017,2017,Viet Nam,,4 548,4548.00000,,,,,
MALARIA_CONF_CASES,Number of confirmed malaria cases,https://www.who.int/data/gho/indicator-metadata-registry/imr-details/50,PUBLISHED,Published,,2019,2019,,WPR,Western Pacific,,VNM,2019,2019,Viet Nam,,4 765,4765.00000,,,,,
MALARIA_CONF_CASES,Number of confirmed malaria cases,https://www.who.int/data/gho/indicator-metadata-registry/imr-details/50,PUBLISHED,Published,,2007,2007,,WPR,Western Pacific,,VNM,2007,2007,Viet Nam,,16 389,16389.00000,,,,,
MALARIA_CONF_CASES,Number of confirmed malaria cases,https://www.who.int/data/gho/indicator-metadata-registry/imr-details/50,PUBLISHED,Published,,2009,2009,,WPR,Western Pacific,,VNM,2009,2009,Viet Nam,,16 130,16130.00000,,,,,
MALARIA_CONF_CASES,Number of confirmed malaria cases,https://www.who.int/data/gho/indicator-metadata-registry/imr-details/50,PUBLISHED,Published,,2013,2013,,WPR,Western Pacific,,VNM,2013,2013,Viet Nam,,17 128,17128.00000,,,,,
MALARIA_CONF_CASES,Number of confirmed malaria cases,https://www.who.int/data/gho/indicator-metadata-registry/imr-details/50,PUBLISHED,Published,,2003,2003,,WPR,Western Pacific,,VNM,2003,2003,Viet Nam,,38 790,38790.00000,,,,,
MALARIA_CONF_CASES,Number of confirmed malaria cases,https://www.who.int/data/gho/indicator-metadata-registry/imr-details/50,PUBLISHED,Published,,2014,2014,,WPR,Western Pacific,,VNM,2014,2014,Viet Nam,,15 752,15752.00000,,,,,
MALARIA_CONF_CASES,Number of confirmed malaria cases,https://www.who.int/data/gho/indicator-metadata-registry/imr-details/50,PUBLISHED,Published,,2004,2004,,WPR,Western Pacific,,VNM,2004,2004,Viet Nam,,24 909,24909.00000,,,,,
MALARIA_CONF_CASES,Number of confirmed malaria cases,https://www.who.int/data/gho/indicator-metadata-registry/imr-details/50,PUBLISHED,Published,,2018,2018,,WPR,Western Pacific,,VNM,2018,2018,Viet Nam,,4 813,4813.00000,,,,,
MALARIA_CONF_CASES,Number of confirmed malaria cases,https://www.who.int/data/gho/indicator-metadata-registry/imr-details/50,PUBLISHED,Published,,2008,2008,,WPR,Western Pacific,,VNM,2008,2008,Viet Nam,,11 355,11355.00000,,,,,
MALARIA_CONF_CASES,Number of confirmed malaria cases,https://www.who.int/data/gho/indicator-metadata-registry/imr-details/50,PUBLISHED,Published,,2012,2012,,WPR,Western Pacific,,VNM,2012,2012,Viet Nam,,19 638,19638.00000,,,,,
MALARIA_CONF_CASES,Number of confirmed malaria cases,https://www.who.int/data/gho/indicator-metadata-registry/imr-details/50,PUBLISHED,Published,,2016,2016,,WPR,Western Pacific,,VNM,2016,2016,Viet Nam,,4 161,4161.00000,,,,,
MALARIA_CONF_CASES,Number of confirmed malaria cases,https://www.who.int/data/gho/indicator-metadata-registry/imr-details/50,PUBLISHED,Published,,2002,2002,,WPR,Western Pacific,,VNM,2002,2002,Viet Nam,,47 807,47807.00000,,,,,
MALARIA_CONF_CASES,Number of confirmed malaria cases,https://www.who.int/data/gho/indicator-metadata-registry/imr-details/50,PUBLISHED,Published,,2006,2006,,WPR,Western Pacific,,VNM,2006,2006,Viet Nam,,22 637,22637.00000,,,,,
MALARIA_EST_CASES,Estimated number of malaria cases,https://www.who.int/data/gho/indicator-metadata-registry/imr-details/2971,PUBLISHED,Published,,2012,2012,,WPR,Western Pacific,,VNM,2012,2012,Viet Nam,,23 838 [22 000-27 000],23838.00000,22000.00000,27000.00000,,,
MALARIA_CONF_CASES,Number of confirmed malaria cases,https://www.who.int/data/gho/indicator-metadata-registry/imr-details/50,PUBLISHED,Published,,2015,2015,,WPR,Western Pacific,,VNM,2015,2015,Viet Nam,,9 331,9331.00000,,,,,
MALARIA_CONF_CASES,Number of confirmed malaria cases,https://www.who.int/data/gho/indicator-metadata-registry/imr-details/50,PUBLISHED,Published,,2010,2010,,WPR,Western Pacific,,VNM,2010,2010,Viet Nam,,17 515,17515.00000,,,,,
MALARIA_CONF_CASES,Number of confirmed malaria cases,https://www.who.int/data/gho/indicator-metadata-registry/imr-details/50,PUBLISHED,Published,,2000,2000,,WPR,Western Pacific,,VNM,2000,2000,Viet Nam,,74 316,74316.00000,,,,,
MALARIA_CONF_CASES,Number of confirmed malaria cases,https://www.who.int/data/gho/indicator-metadata-registry/imr-details/50,PUBLISHED,Published,,2005,2005,,WPR,Western Pacific,,VNM,2005,2005,Viet Nam,,19 496,19496.00000,,,,,
MALARIA_CONF_CASES,Number of confirmed malaria cases,https://www.who.int/data/gho/indicator-metadata-registry/imr-details/50,PUBLISHED,Published,,2021,2021,,WPR,Western Pacific,,VNM,2021,2021,Viet Nam,,467,467.00000,,,,,
MALARIA_EST_CASES,Estimated number of malaria cases,https://www.who.int/data/gho/indicator-metadata-registry/imr-details/2971,PUBLISHED,Published,,2011,2011,,WPR,Western Pacific,,VNM,2011,2011,Viet Nam,,20 206 [19 000-23 000],20206.00000,19000.00000,23000.00000,,,
MALARIA_CONF_CASES,Number of confirmed malaria cases,https://www.who.int/data/gho/indicator-metadata-registry/imr-details/50,PUBLISHED,Published,,2001,2001,,WPR,Western Pacific,,VNM,2001,2001,Viet Nam,,68 699,68699.00000,,,,,
MALARIA_EST_CASES,Estimated number of malaria cases,https://www.who.int/data/gho/indicator-metadata-registry/imr-details/2971,PUBLISHED,Published,,2010,2010,,WPR,Western Pacific,,VNM,2010,2010,Viet Nam,,22 959 [21 000-26 000],22959.00000,21000.00000,26000.00000,,,
MALARIA_EST_CASES,Estimated number of malaria cases,https://www.who.int/data/gho/indicator-metadata-registry/imr-details/2971,PUBLISHED,Published,,2009,2009,,WPR,Western Pacific,,VNM,2009,2009,Viet Nam,,22 853 [21 000-26 000],22853.00000,21000.00000,26000.00000,,,
MALARIA_MICR_POS,Number of malaria positive cases by microscopy,https://www.who.int/data/gho/indicator-metadata-registry/imr-details/4641,PUBLISHED,Published,,2020,2020,,WPR,Western Pacific,,VNM,2020,2020,Viet Nam,,1 309,1309.00000,,,,,
MALARIA_MICR_POS,Number of malaria positive cases by microscopy,https://www.who.int/data/gho/indicator-metadata-registry/imr-details/4641,PUBLISHED,Published,,2019,2019,,WPR,Western Pacific,,VNM,2019,2019,Viet Nam,,4 765,4765.00000,,,,,
MALARIA_MICR_POS,Number of malaria positive cases by microscopy,https://www.who.int/data/gho/indicator-metadata-registry/imr-details/4641,PUBLISHED,Published,,2018,2018,,WPR,Western Pacific,,VNM,2018,2018,Viet Nam,,4 813,4813.00000,,,,,
MALARIA_MICR_POS,Number of malaria positive cases by microscopy,https://www.who.int/data/gho/indicator-metadata-registry/imr-details/4641,PUBLISHED,Published,,2017,2017,,WPR,Western Pacific,,VNM,2017,2017,Viet Nam,,4 548,4548.00000,,,,,
MALARIA_MICR_POS,Number of malaria positive cases by microscopy,https://www.who.int/data/gho/indicator-metadata-registry/imr-details/4641,PUBLISHED,Published,,2016,2016,,WPR,Western Pacific,,VNM,2016,2016,Viet Nam,,4 161,4161.00000,,,,,
MALARIA_MICR_POS,Number of malaria positive cases by microscopy,https://www.who.int/data/gho/indicator-metadata-registry/imr-details/4641,PUBLISHED,Published,,2015,2015,,WPR,Western Pacific,,VNM,2015,2015,Viet Nam,,9 331,9331.00000,,,,,
MALARIA_MICR_POS,Number of malaria positive cases by microscopy,https://www.who.int/data/gho/indicator-metadata-registry/imr-details/4641,PUBLISHED,Published,,2014,2014,,WPR,Western Pacific,,VNM,2014,2014,Viet Nam,,15 752,15752.00000,,,,,
MALARIA_MICR_POS,Number of malaria positive cases by microscopy,https://www.who.int/data/gho/indicator-metadata-registry/imr-details/4641,PUBLISHED,Published,,2013,2013,,WPR,Western Pacific,,VNM,2013,2013,Viet Nam,,17 128,17128.00000,,,,,
MALARIA_MICR_POS,Number of malaria positive cases by microscopy,https://www.who.int/data/gho/indicator-metadata-registry/imr-details/4641,PUBLISHED,Published,,2012,2012,,WPR,Western Pacific,,VNM,2012,2012,Viet Nam,,19 638,19638.00000,,,,,
MALARIA_MICR_POS,Number of malaria positive cases by microscopy,https://www.who.int/data/gho/indicator-metadata-registry/imr-details/4641,PUBLISHED,Published,,2011,2011,,WPR,Western Pacific,,VNM,2011,2011,Viet Nam,,16 612,16612.00000,,,,,
MALARIA_MICR_POS,Number of malaria positive cases by microscopy,https://www.who.int/data/gho/indicator-metadata-registry/imr-details/4641,PUBLISHED,Published,,2010,2010,,WPR,Western Pacific,,VNM,2010,2010,Viet Nam,,17 515,17515.00000,,,,,
MALARIA_IRS_COVERAGE,Number of people protected from malaria by indoor residual spraying (IRS),https://www.who.int/data/gho/indicator-metadata-registry/imr-details/2244,PUBLISHED,Published,,2020,2020,,WPR,Western Pacific,,VNM,2020,2020,Viet Nam,,433 405,433405.00000,,,,,
MALARIA_IRS_COVERAGE,Number of people protected from malaria by indoor residual spraying (IRS),https://www.who.int/data/gho/indicator-metadata-registry/imr-details/2244,PUBLISHED,Published,,2019,2019,,WPR,Western Pacific,,VNM,2019,2019,Viet Nam,,696 751,696751.00000,,,,,
MALARIA_IRS_COVERAGE,Number of people protected from malaria by indoor residual spraying (IRS),https://www.who.int/data/gho/indicator-metadata-registry/imr-details/2244,PUBLISHED,Published,,2018,2018,,WPR,Western Pacific,,VNM,2018,2018,Viet Nam,,319 866,319866.00000,,,,,
MALARIA_1STLINE_TREATED,Number of malaria cases treated with any first  line tx courses (including artemisinin-based combination therapies (ACTs)),https://www.who.int/data/gho/indicator-metadata-registry/imr-details/3549,PUBLISHED,Published,,2018,2018,,WPR,Western Pacific,,VNM,2018,2018,Viet Nam,,4 525,4525.00000,,,,,
MALARIA_EST_DEATHS,Estimated number of malaria deaths,https://www.who.int/data/gho/indicator-metadata-registry/imr-details/4650,PUBLISHED,Published,,2013,2013,,WPR,Western Pacific,,VNM,2013,2013,Viet Nam,,34 [17-53],34.00000,17.00000,53.00000,,,
MALARIA_EST_DEATHS,Estimated number of malaria deaths,https://www.who.int/data/gho/indicator-metadata-registry/imr-details/4650,PUBLISHED,Published,,2015,2015,,WPR,Western Pacific,,VNM,2015,2015,Viet Nam,,16 [7-24],16.00000,7.00000,24.00000,,,
MALARIA_EST_DEATHS,Estimated number of malaria deaths,https://www.who.int/data/gho/indicator-metadata-registry/imr-details/4650,PUBLISHED,Published,,2016,2016,,WPR,Western Pacific,,VNM,2016,2016,Viet Nam,,7 [3-12],7.00000,3.00000,12.00000,,,
MALARIA_EST_DEATHS,Estimated number of malaria deaths,https://www.who.int/data/gho/indicator-metadata-registry/imr-details/4650,PUBLISHED,Published,,2012,2012,,WPR,Western Pacific,,VNM,2012,2012,Viet Nam,,41 [20-63],41.00000,20.00000,63.00000,,,
MALARIA_EST_DEATHS,Estimated number of malaria deaths,https://www.who.int/data/gho/indicator-metadata-registry/imr-details/4650,PUBLISHED,Published,,2009,2009,,WPR,Western Pacific,,VNM,2009,2009,Viet Nam,,47 [22-76],47.00000,22.00000,76.00000,,,
MALARIA_CONF_CASES,Number of confirmed malaria cases,https://www.who.int/data/gho/indicator-metadata-registry/imr-details/50,PUBLISHED,Published,,2020,2020,,WPR,Western Pacific,,VNM,2020,2020,Viet Nam,,1 422,1422.00000,,,,,
MALARIA_EST_DEATHS,Estimated number of malaria deaths,https://www.who.int/data/gho/indicator-metadata-registry/imr-details/4650,PUBLISHED,Published,,2010,2010,,WPR,Western Pacific,,VNM,2010,2010,Viet Nam,,45 [21-71],45.00000,21.00000,71.00000,,,
MALARIA_EST_DEATHS,Estimated number of malaria deaths,https://www.who.int/data/gho/indicator-metadata-registry/imr-details/4650,PUBLISHED,Published,,2000,2000,,WPR,Western Pacific,,VNM,2000,2000,Viet Nam,,421 [190-730],421.00000,190.00000,730.00000,,,
MALARIA_EST_DEATHS,Estimated number of malaria deaths,https://www.who.int/data/gho/indicator-metadata-registry/imr-details/4650,PUBLISHED,Published,,2007,2007,,WPR,Western Pacific,,VNM,2007,2007,Viet Nam,,53 [25-86],53.00000,25.00000,86.00000,,,
MALARIA_EST_DEATHS,Estimated number of malaria deaths,https://www.who.int/data/gho/indicator-metadata-registry/imr-details/4650,PUBLISHED,Published,,2003,2003,,WPR,Western Pacific,,VNM,2003,2003,Viet Nam,,197 [92-340],197.00000,92.00000,340.00000,,,
MALARIA_EST_DEATHS,Estimated number of malaria deaths,https://www.who.int/data/gho/indicator-metadata-registry/imr-details/4650,PUBLISHED,Published,,2008,2008,,WPR,Western Pacific,,VNM,2008,2008,Viet Nam,,37 [17-60],37.00000,17.00000,60.00000,,,
MALARIA_EST_DEATHS,Estimated number of malaria deaths,https://www.who.int/data/gho/indicator-metadata-registry/imr-details/4650,PUBLISHED,Published,,2006,2006,,WPR,Western Pacific,,VNM,2006,2006,Viet Nam,,92 [43-150],92.00000,43.00000,150.00000,,,
MALARIA_EST_DEATHS,Estimated number of malaria deaths,https://www.who.int/data/gho/indicator-metadata-registry/imr-details/4650,PUBLISHED,Published,,2005,2005,,WPR,Western Pacific,,VNM,2005,2005,Viet Nam,,79 [38-130],79.00000,38.00000,130.00000,,,
MALARIA_EST_DEATHS,Estimated number of malaria deaths,https://www.who.int/data/gho/indicator-metadata-registry/imr-details/4650,PUBLISHED,Published,,2004,2004,,WPR,Western Pacific,,VNM,2004,2004,Viet Nam,,115 [54-200],115.00000,54.00000,200.00000,,,
MALARIA_EST_DEATHS,Estimated number of malaria deaths,https://www.who.int/data/gho/indicator-metadata-registry/imr-details/4650,PUBLISHED,Published,,2001,2001,,WPR,Western Pacific,,VNM,2001,2001,Viet Nam,,380 [180-650],380.00000,180.00000,650.00000,,,
MALARIA_EST_DEATHS,Estimated number of malaria deaths,https://www.who.int/data/gho/indicator-metadata-registry/imr-details/4650,PUBLISHED,Published,,2002,2002,,WPR,Western Pacific,,VNM,2002,2002,Viet Nam,,271 [120-460],271.00000,120.00000,460.00000,,,
MALARIA_EST_DEATHS,Estimated number of malaria deaths,https://www.who.int/data/gho/indicator-metadata-registry/imr-details/4650,PUBLISHED,Published,,2017,2017,,WPR,Western Pacific,,VNM,2017,2017,Viet Nam,,9 [4-14],9.00000,4.00000,14.00000,,,
MALARIA_EST_DEATHS,Estimated number of malaria deaths,https://www.who.int/data/gho/indicator-metadata-registry/imr-details/4650,PUBLISHED,Published,,2018,2018,,WPR,Western Pacific,,VNM,2018,2018,Viet Nam,,6 [2-9],6.00000,2.00000,9.00000,,,
MALARIA_EST_DEATHS,Estimated number of malaria deaths,https://www.who.int/data/gho/indicator-metadata-registry/imr-details/4650,PUBLISHED,Published,,2019,2019,,WPR,Western Pacific,,VNM,2019,2019,Viet Nam,,6 [3-10],6.00000,3.00000,10.00000,,,
MALARIA_EST_DEATHS,Estimated number of malaria deaths,https://www.who.int/data/gho/indicator-metadata-registry/imr-details/4650,PUBLISHED,Published,,2020,2020,,WPR,Western Pacific,,VNM,2020,2020,Viet Nam,,2 [1-3],2.00000,1.00000,3.00000,,,
MALARIA_EST_DEATHS,Estimated number of malaria deaths,https://www.who.int/data/gho/indicator-metadata-registry/imr-details/4650,PUBLISHED,Published,,2021,2021,,WPR,Western Pacific,,VNM,2021,2021,Viet Nam,,0,0.00000,,,,,
MALARIA_EST_INCIDENCE,Estimated malaria incidence (per 1000 population at risk),https://www.who.int/data/gho/indicator-metadata-registry/imr-details/4670,PUBLISHED,Published,,2014,2014,,WPR,Western Pacific,,VNM,2014,2014,Viet Nam,,0.28 [0.26-0.32],0.28346,0.26147,0.31699,,,
MALARIA_EST_INCIDENCE,Estimated malaria incidence (per 1000 population at risk),https://www.who.int/data/gho/indicator-metadata-registry/imr-details/4670,PUBLISHED,Published,,2013,2013,,WPR,Western Pacific,,VNM,2013,2013,Viet Nam,,0.31 [0.29-0.35],0.31206,0.28725,0.35176,,,
MALARIA_EST_INCIDENCE,Estimated malaria incidence (per 1000 population at risk),https://www.who.int/data/gho/indicator-metadata-registry/imr-details/4670,PUBLISHED,Published,,2015,2015,,WPR,Western Pacific,,VNM,2015,2015,Viet Nam,,0.17 [0.15-0.19],0.16606,0.15302,0.18621,,,
MALARIA_EST_INCIDENCE,Estimated malaria incidence (per 1000 population at risk),https://www.who.int/data/gho/indicator-metadata-registry/imr-details/4670,PUBLISHED,Published,,2016,2016,,WPR,Western Pacific,,VNM,2016,2016,Viet Nam,,0.07 [0.07-0.08],0.07320,0.06753,0.08223,,,
MALARIA_EST_INCIDENCE,Estimated malaria incidence (per 1000 population at risk),https://www.who.int/data/gho/indicator-metadata-registry/imr-details/4670,PUBLISHED,Published,,2012,2012,,WPR,Western Pacific,,VNM,2012,2012,Viet Nam,,0.36 [0.33-0.41],0.36220,0.33342,0.40696,,,
MALARIA_EST_INCIDENCE,Estimated malaria incidence (per 1000 population at risk),https://www.who.int/data/gho/indicator-metadata-registry/imr-details/4670,PUBLISHED,Published,,2009,2009,,WPR,Western Pacific,,VNM,2009,2009,Viet Nam,,0.36 [0.32-0.41],0.35855,0.32259,0.41288,,,
MALARIA_EST_INCIDENCE,Estimated malaria incidence (per 1000 population at risk),https://www.who.int/data/gho/indicator-metadata-registry/imr-details/4670,PUBLISHED,Published,,2011,2011,,WPR,Western Pacific,,VNM,2011,2011,Viet Nam,,0.31 [0.29-0.35],0.31033,0.28554,0.35047,,,
MALARIA_EST_INCIDENCE,Estimated malaria incidence (per 1000 population at risk),https://www.who.int/data/gho/indicator-metadata-registry/imr-details/4670,PUBLISHED,Published,,2010,2010,,WPR,Western Pacific,,VNM,2010,2010,Viet Nam,,0.36 [0.32-0.40],0.35639,0.32393,0.40498,,,
MALARIA_EST_INCIDENCE,Estimated malaria incidence (per 1000 population at risk),https://www.who.int/data/gho/indicator-metadata-registry/imr-details/4670,PUBLISHED,Published,,2000,2000,,WPR,Western Pacific,,VNM,2000,2000,Viet Nam,,3.46 [2.71-4.61],3.45936,2.70714,4.60922,,,
MALARIA_EST_INCIDENCE,Estimated malaria incidence (per 1000 population at risk),https://www.who.int/data/gho/indicator-metadata-registry/imr-details/4670,PUBLISHED,Published,,2007,2007,,WPR,Western Pacific,,VNM,2007,2007,Viet Nam,,0.45 [0.39-0.54],0.44858,0.38979,0.53781,,,
MALARIA_EST_INCIDENCE,Estimated malaria incidence (per 1000 population at risk),https://www.who.int/data/gho/indicator-metadata-registry/imr-details/4670,PUBLISHED,Published,,2003,2003,,WPR,Western Pacific,,VNM,2003,2003,Viet Nam,,1.61 [1.31-2.07],1.60861,1.30611,2.07211,,,
MALARIA_EST_INCIDENCE,Estimated malaria incidence (per 1000 population at risk),https://www.who.int/data/gho/indicator-metadata-registry/imr-details/4670,PUBLISHED,Published,,2008,2008,,WPR,Western Pacific,,VNM,2008,2008,Viet Nam,,0.28 [0.25-0.34],0.28392,0.24868,0.34259,,,
MALARIA_EST_INCIDENCE,Estimated malaria incidence (per 1000 population at risk),https://www.who.int/data/gho/indicator-metadata-registry/imr-details/4670,PUBLISHED,Published,,2006,2006,,WPR,Western Pacific,,VNM,2006,2006,Viet Nam,,0.71 [0.60-0.87],0.70501,0.59699,0.87232,,,
MALARIA_EST_INCIDENCE,Estimated malaria incidence (per 1000 population at risk),https://www.who.int/data/gho/indicator-metadata-registry/imr-details/4670,PUBLISHED,Published,,2005,2005,,WPR,Western Pacific,,VNM,2005,2005,Viet Nam,,0.66 [0.55-0.83],0.66265,0.55388,0.83124,,,
MALARIA_EST_INCIDENCE,Estimated malaria incidence (per 1000 population at risk),https://www.who.int/data/gho/indicator-metadata-registry/imr-details/4670,PUBLISHED,Published,,2004,2004,,WPR,Western Pacific,,VNM,2004,2004,Viet Nam,,0.93 [0.77-1.19],0.93236,0.76802,1.18864,,,
MALARIA_EST_INCIDENCE,Estimated malaria incidence (per 1000 population at risk),https://www.who.int/data/gho/indicator-metadata-registry/imr-details/4670,PUBLISHED,Published,,2001,2001,,WPR,Western Pacific,,VNM,2001,2001,Viet Nam,,3.15 [2.51-4.08],3.14740,2.50670,4.08240,,,
MALARIA_EST_INCIDENCE,Estimated malaria incidence (per 1000 population at risk),https://www.who.int/data/gho/indicator-metadata-registry/imr-details/4670,PUBLISHED,Published,,2002,2002,,WPR,Western Pacific,,VNM,2002,2002,Viet Nam,,2.21 [1.77-2.88],2.21177,1.76586,2.88054,,,
MALARIA_CONF_CASES,Number of confirmed malaria cases,https://www.who.int/data/gho/indicator-metadata-registry/imr-details/50,PUBLISHED,Published,,2011,2011,,WPR,Western Pacific,,VNM,2011,2011,Viet Nam,,16 612,16612.00000,,,,,
MALARIA_EST_DEATHS,Estimated number of malaria deaths,https://www.who.int/data/gho/indicator-metadata-registry/imr-details/4650,PUBLISHED,Published,,2014,2014,,WPR,Western Pacific,,VNM,2014,2014,Viet Nam,,29 [14-44],29.00000,14.00000,44.00000,,,
MALARIA_EST_DEATHS,Estimated number of malaria deaths,https://www.who.int/data/gho/indicator-metadata-registry/imr-details/4650,PUBLISHED,Published,,2011,2011,,WPR,Western Pacific,,VNM,2011,2011,Viet Nam,,36 [17-56],36.00000,17.00000,56.00000,,,
MALARIA_RDT_POS,Number of malaria positive cases by rapid diagnostic test (RDT),https://www.who.int/data/gho/indicator-metadata-registry/imr-details/2248,PUBLISHED,Published,,2020,2020,,WPR,Western Pacific,,VNM,2020,2020,Viet Nam,,1 168,1168.00000,,,,,
MALARIA_RDT_POS,Number of malaria positive cases by rapid diagnostic test (RDT),https://www.who.int/data/gho/indicator-metadata-registry/imr-details/2248,PUBLISHED,Published,,2019,2019,,WPR,Western Pacific,,VNM,2019,2019,Viet Nam,,3 243,3243.00000,,,,,
MALARIA_RDT_POS,Number of malaria positive cases by rapid diagnostic test (RDT),https://www.who.int/data/gho/indicator-metadata-registry/imr-details/2248,PUBLISHED,Published,,2018,2018,,WPR,Western Pacific,,VNM,2018,2018,Viet Nam,,1 848,1848.00000,,,,,
MALARIA_RDT_POS,Number of malaria positive cases by rapid diagnostic test (RDT),https://www.who.int/data/gho/indicator-metadata-registry/imr-details/2248,PUBLISHED,Published,,2017,2017,,WPR,Western Pacific,,VNM,2017,2017,Viet Nam,,1 594,1594.00000,,,,,
MALARIA_EST_INCIDENCE,Estimated malaria incidence (per 1000 population at risk),https://www.who.int/data/gho/indicator-metadata-registry/imr-details/4670,PUBLISHED,Published,,2017,2017,,WPR,Western Pacific,,VNM,2017,2017,Viet Nam,,0.08 [0.07-0.09],0.07915,0.07281,0.08869,,,
MALARIA_EST_INCIDENCE,Estimated malaria incidence (per 1000 population at risk),https://www.who.int/data/gho/indicator-metadata-registry/imr-details/4670,PUBLISHED,Published,,2018,2018,,WPR,Western Pacific,,VNM,2018,2018,Viet Nam,,0.05 [0.05-0.06],0.05400,0.04985,0.06033,,,
MALARIA_EST_INCIDENCE,Estimated malaria incidence (per 1000 population at risk),https://www.who.int/data/gho/indicator-metadata-registry/imr-details/4670,PUBLISHED,Published,,2019,2019,,WPR,Western Pacific,,VNM,2019,2019,Viet Nam,,0.05 [0.05-0.06],0.05463,0.05032,0.06117,,,
MALARIA_EST_INCIDENCE,Estimated malaria incidence (per 1000 population at risk),https://www.who.int/data/gho/indicator-metadata-registry/imr-details/4670,PUBLISHED,Published,,2020,2020,,WPR,Western Pacific,,VNM,2020,2020,Viet Nam,,0.02 [0.02-0.03],0.02326,0.02141,0.02601,,,
MALARIA_EST_INCIDENCE,Estimated malaria incidence (per 1000 population at risk),https://www.who.int/data/gho/indicator-metadata-registry/imr-details/4670,PUBLISHED,Published,,2021,2021,,WPR,Western Pacific,,VNM,2021,2021,Viet Nam,,0.01 [0.01-0.01],0.00631,0.00582,0.00707,,,
MALARIA_EST_MORTALITY,Estimated malaria mortality rate (per 100 000 population),https://www.who.int/data/gho/indicator-metadata-registry/imr-details/16,PUBLISHED,Published,,2014,2014,,WPR,Western Pacific,,VNM,2014,2014,Viet Nam,,0.04 [0.02-0.65],0.04313,0.02082,0.65438,,,
MALARIA_EST_MORTALITY,Estimated malaria mortality rate (per 100 000 population),https://www.who.int/data/gho/indicator-metadata-registry/imr-details/16,PUBLISHED,Published,,2013,2013,,WPR,Western Pacific,,VNM,2013,2013,Viet Nam,,0.05 [0.03-0.80],0.05111,0.02555,0.79668,,,
MALARIA_EST_MORTALITY,Estimated malaria mortality rate (per 100 000 population),https://www.who.int/data/gho/indicator-metadata-registry/imr-details/16,PUBLISHED,Published,,2015,2015,,WPR,Western Pacific,,VNM,2015,2015,Viet Nam,,0.02 [0.01-0.35],0.02355,0.01030,0.35323,,,
MALARIA_EST_MORTALITY,Estimated malaria mortality rate (per 100 000 population),https://www.who.int/data/gho/indicator-metadata-registry/imr-details/16,PUBLISHED,Published,,2016,2016,,WPR,Western Pacific,,VNM,2016,2016,Viet Nam,,0.01 [0-0.17],0.01020,0.00437,0.17484,,,
MALARIA_EST_MORTALITY,Estimated malaria mortality rate (per 100 000 population),https://www.who.int/data/gho/indicator-metadata-registry/imr-details/16,PUBLISHED,Published,,2012,2012,,WPR,Western Pacific,,VNM,2012,2012,Viet Nam,,0.06 [0.03-0.96],0.06230,0.03039,0.95724,,,
MALARIA_EST_MORTALITY,Estimated malaria mortality rate (per 100 000 population),https://www.who.int/data/gho/indicator-metadata-registry/imr-details/16,PUBLISHED,Published,,2009,2009,,WPR,Western Pacific,,VNM,2009,2009,Viet Nam,,0.07 [0.03-1.19],0.07374,0.03452,1.19240,,,
MALARIA_EST_MORTALITY,Estimated malaria mortality rate (per 100 000 population),https://www.who.int/data/gho/indicator-metadata-registry/imr-details/16,PUBLISHED,Published,,2011,2011,,WPR,Western Pacific,,VNM,2011,2011,Viet Nam,,0.06 [0.03-0.86],0.05529,0.02611,0.86005,,,
MALARIA_EST_MORTALITY,Estimated malaria mortality rate (per 100 000 population),https://www.who.int/data/gho/indicator-metadata-registry/imr-details/16,PUBLISHED,Published,,2010,2010,,WPR,Western Pacific,,VNM,2010,2010,Viet Nam,,0.07 [0.03-1.10],0.06985,0.03260,1.10213,,,
MALARIA_EST_MORTALITY,Estimated malaria mortality rate (per 100 000 population),https://www.who.int/data/gho/indicator-metadata-registry/imr-details/16,PUBLISHED,Published,,2000,2000,,WPR,Western Pacific,,VNM,2000,2000,Viet Nam,,0.72 [0.33-12.49],0.72308,0.33320,12.48691,,,
MALARIA_EST_MORTALITY,Estimated malaria mortality rate (per 100 000 population),https://www.who.int/data/gho/indicator-metadata-registry/imr-details/16,PUBLISHED,Published,,2007,2007,,WPR,Western Pacific,,VNM,2007,2007,Viet Nam,,0.08 [0.04-1.38],0.08484,0.04002,1.37669,,,
MALARIA_EST_MORTALITY,Estimated malaria mortality rate (per 100 000 population),https://www.who.int/data/gho/indicator-metadata-registry/imr-details/16,PUBLISHED,Published,,2003,2003,,WPR,Western Pacific,,VNM,2003,2003,Viet Nam,,0.33 [0.15-5.58],0.32808,0.15321,5.57898,,,
MALARIA_EST_MORTALITY,Estimated malaria mortality rate (per 100 000 population),https://www.who.int/data/gho/indicator-metadata-registry/imr-details/16,PUBLISHED,Published,,2008,2008,,WPR,Western Pacific,,VNM,2008,2008,Viet Nam,,0.06 [0.03-0.95],0.05865,0.02695,0.95111,,,
MALARIA_EST_MORTALITY,Estimated malaria mortality rate (per 100 000 population),https://www.who.int/data/gho/indicator-metadata-registry/imr-details/16,PUBLISHED,Published,,2006,2006,,WPR,Western Pacific,,VNM,2006,2006,Viet Nam,,0.15 [0.07-2.46],0.14870,0.06950,2.45670,,,
MALARIA_EST_MORTALITY,Estimated malaria mortality rate (per 100 000 population),https://www.who.int/data/gho/indicator-metadata-registry/imr-details/16,PUBLISHED,Published,,2005,2005,,WPR,Western Pacific,,VNM,2005,2005,Viet Nam,,0.13 [0.06-2.15],0.12893,0.06202,2.15423,,,
MALARIA_EST_MORTALITY,Estimated malaria mortality rate (per 100 000 population),https://www.who.int/data/gho/indicator-metadata-registry/imr-details/16,PUBLISHED,Published,,2004,2004,,WPR,Western Pacific,,VNM,2004,2004,Viet Nam,,0.19 [0.09-3.21],0.18957,0.08902,3.21451,,,
MALARIA_EST_MORTALITY,Estimated malaria mortality rate (per 100 000 population),https://www.who.int/data/gho/indicator-metadata-registry/imr-details/16,PUBLISHED,Published,,2001,2001,,WPR,Western Pacific,,VNM,2001,2001,Viet Nam,,0.65 [0.30-11.07],0.64599,0.30089,11.06676,,,
MALARIA_EST_MORTALITY,Estimated malaria mortality rate (per 100 000 population),https://www.who.int/data/gho/indicator-metadata-registry/imr-details/16,PUBLISHED,Published,,2002,2002,,WPR,Western Pacific,,VNM,2002,2002,Viet Nam,,0.46 [0.21-7.77],0.45598,0.21032,7.77353,,,
MALARIA_EST_MORTALITY,Estimated malaria mortality rate (per 100 000 population),https://www.who.int/data/gho/indicator-metadata-registry/imr-details/16,PUBLISHED,Published,,2017,2017,,WPR,Western Pacific,,VNM,2017,2017,Viet Nam,,0.01 [0.01-0.20],0.01299,0.00577,0.20202,,,
MALARIA_EST_MORTALITY,Estimated malaria mortality rate (per 100 000 population),https://www.who.int/data/gho/indicator-metadata-registry/imr-details/16,PUBLISHED,Published,,2018,2018,,WPR,Western Pacific,,VNM,2018,2018,Viet Nam,,0.01 [0-0.13],0.00858,0.00286,0.12866,,,
MALARIA_EST_MORTALITY,Estimated malaria mortality rate (per 100 000 population),https://www.who.int/data/gho/indicator-metadata-registry/imr-details/16,PUBLISHED,Published,,2019,2019,,WPR,Western Pacific,,VNM,2019,2019,Viet Nam,,0.01 [0-0.14],0.00850,0.00425,0.14167,,,
MALARIA_EST_MORTALITY,Estimated malaria mortality rate (per 100 000 population),https://www.who.int/data/gho/indicator-metadata-registry/imr-details/16,PUBLISHED,Published,,2020,2020,,WPR,Western Pacific,,VNM,2020,2020,Viet Nam,,0 [0-0.04],0.00281,0.00140,0.04212,,,
MALARIA_EST_MORTALITY,Estimated malaria mortality rate (per 100 000 population),https://www.who.int/data/gho/indicator-metadata-registry/imr-details/16,PUBLISHED,Published,,2021,2021,,WPR,Western Pacific,,VNM,2021,2021,Viet Nam,,0 [0-0],0.00000,0.00000,0.00000,,,
MALARIA_INDIG,Number of indigenous malaria cases,https://www.who.int/data/gho/indicator-metadata-registry/imr-details/4640,PUBLISHED,Published,,2018,2018,,WPR,Western Pacific,,VNM,2018,2018,Viet Nam,,3 132,3132.00000,,,,,
MALARIA_INDIG,Number of indigenous malaria cases,https://www.who.int/data/gho/indicator-metadata-registry/imr-details/4640,PUBLISHED,Published,,2012,2012,,WPR,Western Pacific,,VNM,2012,2012,Viet Nam,,19 638,19638.00000,,,,,
MALARIA_INDIG,Number of indigenous malaria cases,https://www.who.int/data/gho/indicator-metadata-registry/imr-details/4640,PUBLISHED,Published,,2016,2016,,WPR,Western Pacific,,VNM,2016,2016,Viet Nam,,4 161,4161.00000,,,,,
MALARIA_INDIG,Number of indigenous malaria cases,https://www.who.int/data/gho/indicator-metadata-registry/imr-details/4640,PUBLISHED,Published,,2015,2015,,WPR,Western Pacific,,VNM,2015,2015,Viet Nam,,9 331,9331.00000,,,,,
MALARIA_INDIG,Number of indigenous malaria cases,https://www.who.int/data/gho/indicator-metadata-registry/imr-details/4640,PUBLISHED,Published,,2010,2010,,WPR,Western Pacific,,VNM,2010,2010,Viet Nam,,17 515,17515.00000,,,,,
MALARIA_INDIG,Number of indigenous malaria cases,https://www.who.int/data/gho/indicator-metadata-registry/imr-details/4640,PUBLISHED,Published,,2021,2021,,WPR,Western Pacific,,VNM,2021,2021,Viet Nam,,377,377.00000,,,,,
MALARIA_INDIG,Number of indigenous malaria cases,https://www.who.int/data/gho/indicator-metadata-registry/imr-details/4640,PUBLISHED,Published,,2017,2017,,WPR,Western Pacific,,VNM,2017,2017,Viet Nam,,4 548,4548.00000,,,,,
MALARIA_INDIG,Number of indigenous malaria cases,https://www.who.int/data/gho/indicator-metadata-registry/imr-details/4640,PUBLISHED,Published,,2019,2019,,WPR,Western Pacific,,VNM,2019,2019,Viet Nam,,3 200,3200.00000,,,,,
MALARIA_INDIG,Number of indigenous malaria cases,https://www.who.int/data/gho/indicator-metadata-registry/imr-details/4640,PUBLISHED,Published,,2013,2013,,WPR,Western Pacific,,VNM,2013,2013,Viet Nam,,17 128,17128.00000,,,,,
MALARIA_MICR_TEST,Number of malaria suspects examined by microscopy,https://www.who.int/data/gho/indicator-metadata-registry/imr-details/4634,PUBLISHED,Published,,2014,2014,,WPR,Western Pacific,,VNM,2014,2014,Viet Nam,,2 357 536,2357536.00000,,,,,
MALARIA_MICR_TEST,Number of malaria suspects examined by microscopy,https://www.who.int/data/gho/indicator-metadata-registry/imr-details/4634,PUBLISHED,Published,,2018,2018,,WPR,Western Pacific,,VNM,2018,2018,Viet Nam,,1 674 897,1674897.00000,,,,,
MALARIA_MICR_TEST,Number of malaria suspects examined by microscopy,https://www.who.int/data/gho/indicator-metadata-registry/imr-details/4634,PUBLISHED,Published,,2008,2008,,WPR,Western Pacific,,VNM,2008,2008,Viet Nam,,1 297 365,1297365.00000,,,,,
MALARIA_MICR_TEST,Number of malaria suspects examined by microscopy,https://www.who.int/data/gho/indicator-metadata-registry/imr-details/4634,PUBLISHED,Published,,2002,2002,,WPR,Western Pacific,,VNM,2002,2002,Viet Nam,,2 856 539,2856539.00000,,,,,
MALARIA_MICR_TEST,Number of malaria suspects examined by microscopy,https://www.who.int/data/gho/indicator-metadata-registry/imr-details/4634,PUBLISHED,Published,,2006,2006,,WPR,Western Pacific,,VNM,2006,2006,Viet Nam,,2 842 429,2842429.00000,,,,,
MALARIA_MICR_TEST,Number of malaria suspects examined by microscopy,https://www.who.int/data/gho/indicator-metadata-registry/imr-details/4634,PUBLISHED,Published,,2016,2016,,WPR,Western Pacific,,VNM,2016,2016,Viet Nam,,2 082 986,2082986.00000,,,,,
MALARIA_MICR_TEST,Number of malaria suspects examined by microscopy,https://www.who.int/data/gho/indicator-metadata-registry/imr-details/4634,PUBLISHED,Published,,2012,2012,,WPR,Western Pacific,,VNM,2012,2012,Viet Nam,,2 897 730,2897730.00000,,,,,
MALARIA_MICR_TEST,Number of malaria suspects examined by microscopy,https://www.who.int/data/gho/indicator-metadata-registry/imr-details/4634,PUBLISHED,Published,,2005,2005,,WPR,Western Pacific,,VNM,2005,2005,Viet Nam,,2 728 481,2728481.00000,,,,,
MALARIA_MICR_TEST,Number of malaria suspects examined by microscopy,https://www.who.int/data/gho/indicator-metadata-registry/imr-details/4634,PUBLISHED,Published,,2000,2000,,WPR,Western Pacific,,VNM,2000,2000,Viet Nam,,2 682 862,2682862.00000,,,,,
MALARIA_MICR_TEST,Number of malaria suspects examined by microscopy,https://www.who.int/data/gho/indicator-metadata-registry/imr-details/4634,PUBLISHED,Published,,2021,2021,,WPR,Western Pacific,,VNM,2021,2021,Viet Nam,,852 340,852340.00000,,,,,
MALARIA_MICR_TEST,Number of malaria suspects examined by microscopy,https://www.who.int/data/gho/indicator-metadata-registry/imr-details/4634,PUBLISHED,Published,,2017,2017,,WPR,Western Pacific,,VNM,2017,2017,Viet Nam,,2 009 233,2009233.00000,,,,,
MALARIA_MICR_TEST,Number of malaria suspects examined by microscopy,https://www.who.int/data/gho/indicator-metadata-registry/imr-details/4634,PUBLISHED,Published,,2019,2019,,WPR,Western Pacific,,VNM,2019,2019,Viet Nam,,1 914 379,1914379.00000,,,,,
MALARIA_MICR_TEST,Number of malaria suspects examined by microscopy,https://www.who.int/data/gho/indicator-metadata-registry/imr-details/4634,PUBLISHED,Published,,2007,2007,,WPR,Western Pacific,,VNM,2007,2007,Viet Nam,,3 634 060,3634060.00000,,,,,
MALARIA_MICR_TEST,Number of malaria suspects examined by microscopy,https://www.who.int/data/gho/indicator-metadata-registry/imr-details/4634,PUBLISHED,Published,,2009,2009,,WPR,Western Pacific,,VNM,2009,2009,Viet Nam,,2 829 516,2829516.00000,,,,,
MALARIA_MICR_TEST,Number of malaria suspects examined by microscopy,https://www.who.int/data/gho/indicator-metadata-registry/imr-details/4634,PUBLISHED,Published,,2013,2013,,WPR,Western Pacific,,VNM,2013,2013,Viet Nam,,2 684 996,2684996.00000,,,,,
MALARIA_MICR_TEST,Number of malaria suspects examined by microscopy,https://www.who.int/data/gho/indicator-metadata-registry/imr-details/4634,PUBLISHED,Published,,2003,2003,,WPR,Western Pacific,,VNM,2003,2003,Viet Nam,,2 738 600,2738600.00000,,,,,
MALARIA_PF_INDIG,Number of indigenous P. falciparum malaria cases,https://www.who.int/data/gho/indicator-metadata-registry/imr-details/4635,PUBLISHED,Published,,2013,2013,,WPR,Western Pacific,,VNM,2013,2013,Viet Nam,,9 532,9532.00000,,,,,
MALARIA_PF_INDIG,Number of indigenous P. falciparum malaria cases,https://www.who.int/data/gho/indicator-metadata-registry/imr-details/4635,PUBLISHED,Published,,2019,2019,,WPR,Western Pacific,,VNM,2019,2019,Viet Nam,,3 110,3110.00000,,,,,
MALARIA_PF_INDIG,Number of indigenous P. falciparum malaria cases,https://www.who.int/data/gho/indicator-metadata-registry/imr-details/4635,PUBLISHED,Published,,2017,2017,,WPR,Western Pacific,,VNM,2017,2017,Viet Nam,,2 858,2858.00000,,,,,
MALARIA_PF_INDIG,Number of indigenous P. falciparum malaria cases,https://www.who.int/data/gho/indicator-metadata-registry/imr-details/4635,PUBLISHED,Published,,2021,2021,,WPR,Western Pacific,,VNM,2021,2021,Viet Nam,,142,142.00000,,,,,
MALARIA_PF_INDIG,Number of indigenous P. falciparum malaria cases,https://www.who.int/data/gho/indicator-metadata-registry/imr-details/4635,PUBLISHED,Published,,2020,2020,,WPR,Western Pacific,,VNM,2020,2020,Viet Nam,,792,792.00000,,,,,
MALARIA_PF_INDIG,Number of indigenous P. falciparum malaria cases,https://www.who.int/data/gho/indicator-metadata-registry/imr-details/4635,PUBLISHED,Published,,2012,2012,,WPR,Western Pacific,,VNM,2012,2012,Viet Nam,,11 448,11448.00000,,,,,
MALARIA_PF_INDIG,Number of indigenous P. falciparum malaria cases,https://www.who.int/data/gho/indicator-metadata-registry/imr-details/4635,PUBLISHED,Published,,2016,2016,,WPR,Western Pacific,,VNM,2016,2016,Viet Nam,,2 323,2323.00000,,,,,
MALARIA_PF_INDIG,Number of indigenous P. falciparum malaria cases,https://www.who.int/data/gho/indicator-metadata-registry/imr-details/4635,PUBLISHED,Published,,2018,2018,,WPR,Western Pacific,,VNM,2018,2018,Viet Nam,,2 966,2966.00000,,,,,
MALARIA_PF_INDIG,Number of indigenous P. falciparum malaria cases,https://www.who.int/data/gho/indicator-metadata-registry/imr-details/4635,PUBLISHED,Published,,2014,2014,,WPR,Western Pacific,,VNM,2014,2014,Viet Nam,,8 245,8245.00000,,,,,
MALARIA_PRES_CASES,Number of presumed malaria cases,https://www.who.int/data/gho/indicator-metadata-registry/imr-details/2239,PUBLISHED,Published,,2014,2014,,WPR,Western Pacific,,VNM,2014,2014,Viet Nam,,12 116,12116.00000,,,,,
MALARIA_PRES_CASES,Number of presumed malaria cases,https://www.who.int/data/gho/indicator-metadata-registry/imr-details/2239,PUBLISHED,Published,,2004,2004,,WPR,Western Pacific,,VNM,2004,2004,Viet Nam,,83 441,83441.00000,,,,,
MALARIA_PRES_CASES,Number of presumed malaria cases,https://www.who.int/data/gho/indicator-metadata-registry/imr-details/2239,PUBLISHED,Published,,2018,2018,,WPR,Western Pacific,,VNM,2018,2018,Viet Nam,,2 057,2057.00000,,,,,
MALARIA_PRES_CASES,Number of presumed malaria cases,https://www.who.int/data/gho/indicator-metadata-registry/imr-details/2239,PUBLISHED,Published,,2008,2008,,WPR,Western Pacific,,VNM,2008,2008,Viet Nam,,40 313,40313.00000,,,,,
MALARIA_PRES_CASES,Number of presumed malaria cases,https://www.who.int/data/gho/indicator-metadata-registry/imr-details/2239,PUBLISHED,Published,,2002,2002,,WPR,Western Pacific,,VNM,2002,2002,Viet Nam,,104 154,104154.00000,,,,,
MALARIA_PRES_CASES,Number of presumed malaria cases,https://www.who.int/data/gho/indicator-metadata-registry/imr-details/2239,PUBLISHED,Published,,2006,2006,,WPR,Western Pacific,,VNM,2006,2006,Viet Nam,,52 129,52129.00000,,,,,
MALARIA_PRES_CASES,Number of presumed malaria cases,https://www.who.int/data/gho/indicator-metadata-registry/imr-details/2239,PUBLISHED,Published,,2016,2016,,WPR,Western Pacific,,VNM,2016,2016,Viet Nam,,6 285,6285.00000,,,,,
MALARIA_PRES_CASES,Number of presumed malaria cases,https://www.who.int/data/gho/indicator-metadata-registry/imr-details/2239,PUBLISHED,Published,,2012,2012,,WPR,Western Pacific,,VNM,2012,2012,Viet Nam,,24 079,24079.00000,,,,,
MALARIA_INDIG_STATUS,Status of indigenous malaria cases,https://www.who.int/data/gho/indicator-metadata-registry/imr-details/4640,PUBLISHED,Published,,2021,2021,,WPR,Western Pacific,,VNM,2021,2021,Viet Nam,,One or more indigenous cases in 2021,,,,,,
MALARIA_PRES_CASES,Number of presumed malaria cases,https://www.who.int/data/gho/indicator-metadata-registry/imr-details/2239,PUBLISHED,Published,,2005,2005,,WPR,Western Pacific,,VNM,2005,2005,Viet Nam,,64 977,64977.00000,,,,,
MALARIA_PRES_CASES,Number of presumed malaria cases,https://www.who.int/data/gho/indicator-metadata-registry/imr-details/2239,PUBLISHED,Published,,2000,2000,,WPR,Western Pacific,,VNM,2000,2000,Viet Nam,,200 594,200594.00000,,,,,
MALARIA_PRES_CASES,Number of presumed malaria cases,https://www.who.int/data/gho/indicator-metadata-registry/imr-details/2239,PUBLISHED,Published,,2021,2021,,WPR,Western Pacific,,VNM,2021,2021,Viet Nam,,0,0.00000,,,,,
MALARIA_PRES_CASES,Number of presumed malaria cases,https://www.who.int/data/gho/indicator-metadata-registry/imr-details/2239,PUBLISHED,Published,,2017,2017,,WPR,Western Pacific,,VNM,2017,2017,Viet Nam,,3 863,3863.00000,,,,,
MALARIA_PRES_CASES,Number of presumed malaria cases,https://www.who.int/data/gho/indicator-metadata-registry/imr-details/2239,PUBLISHED,Published,,2007,2007,,WPR,Western Pacific,,VNM,2007,2007,Viet Nam,,43 212,43212.00000,,,,,
MALARIA_PRES_CASES,Number of presumed malaria cases,https://www.who.int/data/gho/indicator-metadata-registry/imr-details/2239,PUBLISHED,Published,,2019,2019,,WPR,Western Pacific,,VNM,2019,2019,Viet Nam,,1 222,1222.00000,,,,,
MALARIA_PRES_CASES,Number of presumed malaria cases,https://www.who.int/data/gho/indicator-metadata-registry/imr-details/2239,PUBLISHED,Published,,2009,2009,,WPR,Western Pacific,,VNM,2009,2009,Viet Nam,,33 056,33056.00000,,,,,
MALARIA_PRES_CASES,Number of presumed malaria cases,https://www.who.int/data/gho/indicator-metadata-registry/imr-details/2239,PUBLISHED,Published,,2013,2013,,WPR,Western Pacific,,VNM,2013,2013,Viet Nam,,18 278,18278.00000,,,,,
MALARIA_PRES_CASES,Number of presumed malaria cases,https://www.who.int/data/gho/indicator-metadata-registry/imr-details/2239,PUBLISHED,Published,,2003,2003,,WPR,Western Pacific,,VNM,2003,2003,Viet Nam,,97 199,97199.00000,,,,,
MALARIA_INDIG,Number of indigenous malaria cases,https://www.who.int/data/gho/indicator-metadata-registry/imr-details/4640,PUBLISHED,Published,,2011,2011,,WPR,Western Pacific,,VNM,2011,2011,Viet Nam,,16 612,16612.00000,,,,,
MALARIA_INDIG,Number of indigenous malaria cases,https://www.who.int/data/gho/indicator-metadata-registry/imr-details/4640,PUBLISHED,Published,,2020,2020,,WPR,Western Pacific,,VNM,2020,2020,Viet Nam,,1 376,1376.00000,,,,,
MALARIA_INDIG,Number of indigenous malaria cases,https://www.who.int/data/gho/indicator-metadata-registry/imr-details/4640,PUBLISHED,Published,,2014,2014,,WPR,Western Pacific,,VNM,2014,2014,Viet Nam,,15 752,15752.00000,,,,,
MALARIA_MICR_TEST,Number of malaria suspects examined by microscopy,https://www.who.int/data/gho/indicator-metadata-registry/imr-details/4634,PUBLISHED,Published,,2015,2015,,WPR,Western Pacific,,VNM,2015,2015,Viet Nam,,2 204 409,2204409.00000,,,,,
MALARIA_RDT_TEST,Number of malaria suspects examined by rapid diagnostic test (RDT),https://www.who.int/data/gho/indicator-metadata-registry/imr-details/2247,PUBLISHED,Published,,2009,2009,,WPR,Western Pacific,,VNM,2009,2009,Viet Nam,,44 647,44647.00000,,,,,
MALARIA_RDT_TEST,Number of malaria suspects examined by rapid diagnostic test (RDT),https://www.who.int/data/gho/indicator-metadata-registry/imr-details/2247,PUBLISHED,Published,,2007,2007,,WPR,Western Pacific,,VNM,2007,2007,Viet Nam,,78 294,78294.00000,,,,,
MALARIA_RDT_TEST,Number of malaria suspects examined by rapid diagnostic test (RDT),https://www.who.int/data/gho/indicator-metadata-registry/imr-details/2247,PUBLISHED,Published,,2019,2019,,WPR,Western Pacific,,VNM,2019,2019,Viet Nam,,504 431,504431.00000,,,,,
MALARIA_RDT_TEST,Number of malaria suspects examined by rapid diagnostic test (RDT),https://www.who.int/data/gho/indicator-metadata-registry/imr-details/2247,PUBLISHED,Published,,2017,2017,,WPR,Western Pacific,,VNM,2017,2017,Viet Nam,,603 161,603161.00000,,,,,
MALARIA_RDT_TEST,Number of malaria suspects examined by rapid diagnostic test (RDT),https://www.who.int/data/gho/indicator-metadata-registry/imr-details/2247,PUBLISHED,Published,,2021,2021,,WPR,Western Pacific,,VNM,2021,2021,Viet Nam,,218 230,218230.00000,,,,,
MALARIA_MICR_TEST,Number of malaria suspects examined by microscopy,https://www.who.int/data/gho/indicator-metadata-registry/imr-details/4634,PUBLISHED,Published,,2010,2010,,WPR,Western Pacific,,VNM,2010,2010,Viet Nam,,2 760 119,2760119.00000,,,,,
MALARIA_MICR_TEST,Number of malaria suspects examined by microscopy,https://www.who.int/data/gho/indicator-metadata-registry/imr-details/4634,PUBLISHED,Published,,2001,2001,,WPR,Western Pacific,,VNM,2001,2001,Viet Nam,,2 821 440,2821440.00000,,,,,
MALARIA_MICR_TEST,Number of malaria suspects examined by microscopy,https://www.who.int/data/gho/indicator-metadata-registry/imr-details/4634,PUBLISHED,Published,,2011,2011,,WPR,Western Pacific,,VNM,2011,2011,Viet Nam,,2 791 917,2791917.00000,,,,,
MALARIA_MICR_TEST,Number of malaria suspects examined by microscopy,https://www.who.int/data/gho/indicator-metadata-registry/imr-details/4634,PUBLISHED,Published,,2020,2020,,WPR,Western Pacific,,VNM,2020,2020,Viet Nam,,1 521 490,1521490.00000,,,,,
MALARIA_MICR_TEST,Number of malaria suspects examined by microscopy,https://www.who.int/data/gho/indicator-metadata-registry/imr-details/4634,PUBLISHED,Published,,2004,2004,,WPR,Western Pacific,,VNM,2004,2004,Viet Nam,,2 694 854,2694854.00000,,,,,
MALARIA_RDT_TEST,Number of malaria suspects examined by rapid diagnostic test (RDT),https://www.who.int/data/gho/indicator-metadata-registry/imr-details/2247,PUBLISHED,Published,,2012,2012,,WPR,Western Pacific,,VNM,2012,2012,Viet Nam,,514 725,514725.00000,,,,,
MALARIA_RDT_TEST,Number of malaria suspects examined by rapid diagnostic test (RDT),https://www.who.int/data/gho/indicator-metadata-registry/imr-details/2247,PUBLISHED,Published,,2006,2006,,WPR,Western Pacific,,VNM,2006,2006,Viet Nam,,130 000,130000.00000,,,,,
MALARIA_RDT_TEST,Number of malaria suspects examined by rapid diagnostic test (RDT),https://www.who.int/data/gho/indicator-metadata-registry/imr-details/2247,PUBLISHED,Published,,2002,2002,,WPR,Western Pacific,,VNM,2002,2002,Viet Nam,,94 000,94000.00000,,,,,
MALARIA_RDT_TEST,Number of malaria suspects examined by rapid diagnostic test (RDT),https://www.who.int/data/gho/indicator-metadata-registry/imr-details/2247,PUBLISHED,Published,,2008,2008,,WPR,Western Pacific,,VNM,2008,2008,Viet Nam,,72 087,72087.00000,,,,,
MALARIA_RDT_TEST,Number of malaria suspects examined by rapid diagnostic test (RDT),https://www.who.int/data/gho/indicator-metadata-registry/imr-details/2247,PUBLISHED,Published,,2018,2018,,WPR,Western Pacific,,VNM,2018,2018,Viet Nam,,492 270,492270.00000,,,,,
MALARIA_SUSPECTS,Number of suspected malaria cases,https://www.who.int/data/gho/indicator-metadata-registry/imr-details/4633,PUBLISHED,Published,,2014,2014,,WPR,Western Pacific,,VNM,2014,2014,Viet Nam,,2 786 135,2786135.00000,,,,,
MALARIA_SUSPECTS,Number of suspected malaria cases,https://www.who.int/data/gho/indicator-metadata-registry/imr-details/4633,PUBLISHED,Published,,2004,2004,,WPR,Western Pacific,,VNM,2004,2004,Viet Nam,,2 778 295,2778295.00000,,,,,
MALARIA_SUSPECTS,Number of suspected malaria cases,https://www.who.int/data/gho/indicator-metadata-registry/imr-details/4633,PUBLISHED,Published,,2018,2018,,WPR,Western Pacific,,VNM,2018,2018,Viet Nam,,1 674 897,1674897.00000,,,,,
MALARIA_SUSPECTS,Number of suspected malaria cases,https://www.who.int/data/gho/indicator-metadata-registry/imr-details/4633,PUBLISHED,Published,,2008,2008,,WPR,Western Pacific,,VNM,2008,2008,Viet Nam,,1 409 765,1409765.00000,,,,,
MALARIA_SUSPECTS,Number of suspected malaria cases,https://www.who.int/data/gho/indicator-metadata-registry/imr-details/4633,PUBLISHED,Published,,2002,2002,,WPR,Western Pacific,,VNM,2002,2002,Viet Nam,,3 054 693,3054693.00000,,,,,
MALARIA_SUSPECTS,Number of suspected malaria cases,https://www.who.int/data/gho/indicator-metadata-registry/imr-details/4633,PUBLISHED,Published,,2006,2006,,WPR,Western Pacific,,VNM,2006,2006,Viet Nam,,3 024 558,3024558.00000,,,,,
MALARIA_SUSPECTS,Number of suspected malaria cases,https://www.who.int/data/gho/indicator-metadata-registry/imr-details/4633,PUBLISHED,Published,,2016,2016,,WPR,Western Pacific,,VNM,2016,2016,Viet Nam,,2 497 326,2497326.00000,,,,,
MALARIA_SUSPECTS,Number of suspected malaria cases,https://www.who.int/data/gho/indicator-metadata-registry/imr-details/4633,PUBLISHED,Published,,2012,2012,,WPR,Western Pacific,,VNM,2012,2012,Viet Nam,,3 436 534,3436534.00000,,,,,
MALARIA_SUSPECTS,Number of suspected malaria cases,https://www.who.int/data/gho/indicator-metadata-registry/imr-details/4633,PUBLISHED,Published,,2020,2020,,WPR,Western Pacific,,VNM,2020,2020,Viet Nam,,2 053 578,2053578.00000,,,,,
MALARIA_SUSPECTS,Number of suspected malaria cases,https://www.who.int/data/gho/indicator-metadata-registry/imr-details/4633,PUBLISHED,Published,,2011,2011,,WPR,Western Pacific,,VNM,2011,2011,Viet Nam,,3 312 266,3312266.00000,,,,,
MALARIA_SUSPECTS,Number of suspected malaria cases,https://www.who.int/data/gho/indicator-metadata-registry/imr-details/4633,PUBLISHED,Published,,2001,2001,,WPR,Western Pacific,,VNM,2001,2001,Viet Nam,,2 950 863,2950863.00000,,,,,
MALARIA_SUSPECTS,Number of suspected malaria cases,https://www.who.int/data/gho/indicator-metadata-registry/imr-details/4633,PUBLISHED,Published,,2015,2015,,WPR,Western Pacific,,VNM,2015,2015,Viet Nam,,2 673 662,2673662.00000,,,,,
MALARIA_SUSPECTS,Number of suspected malaria cases,https://www.who.int/data/gho/indicator-metadata-registry/imr-details/4633,PUBLISHED,Published,,2010,2010,,WPR,Western Pacific,,VNM,2010,2010,Viet Nam,,2 803 918,2803918.00000,,,,,
MALARIA_SUSPECTS,Number of suspected malaria cases,https://www.who.int/data/gho/indicator-metadata-registry/imr-details/4633,PUBLISHED,Published,,2005,2005,,WPR,Western Pacific,,VNM,2005,2005,Viet Nam,,2 793 458,2793458.00000,,,,,
MALARIA_SUSPECTS,Number of suspected malaria cases,https://www.who.int/data/gho/indicator-metadata-registry/imr-details/4633,PUBLISHED,Published,,2000,2000,,WPR,Western Pacific,,VNM,2000,2000,Viet Nam,,2 883 456,2883456.00000,,,,,
MALARIA_SUSPECTS,Number of suspected malaria cases,https://www.who.int/data/gho/indicator-metadata-registry/imr-details/4633,PUBLISHED,Published,,2021,2021,,WPR,Western Pacific,,VNM,2021,2021,Viet Nam,,2 053 889,2053889.00000,,,,,
MALARIA_SUSPECTS,Number of suspected malaria cases,https://www.who.int/data/gho/indicator-metadata-registry/imr-details/4633,PUBLISHED,Published,,2017,2017,,WPR,Western Pacific,,VNM,2017,2017,Viet Nam,,2 616 257,2616257.00000,,,,,
MALARIA_SUSPECTS,Number of suspected malaria cases,https://www.who.int/data/gho/indicator-metadata-registry/imr-details/4633,PUBLISHED,Published,,2019,2019,,WPR,Western Pacific,,VNM,2019,2019,Viet Nam,,1 969 919,1969919.00000,,,,,
MALARIA_SUSPECTS,Number of suspected malaria cases,https://www.who.int/data/gho/indicator-metadata-registry/imr-details/4633,PUBLISHED,Published,,2007,2007,,WPR,Western Pacific,,VNM,2007,2007,Viet Nam,,3 755 566,3755566.00000,,,,,
MALARIA_SUSPECTS,Number of suspected malaria cases,https://www.who.int/data/gho/indicator-metadata-registry/imr-details/4633,PUBLISHED,Published,,2009,2009,,WPR,Western Pacific,,VNM,2009,2009,Viet Nam,,2 907 219,2907219.00000,,,,,
MALARIA_SUSPECTS,Number of suspected malaria cases,https://www.who.int/data/gho/indicator-metadata-registry/imr-details/4633,PUBLISHED,Published,,2013,2013,,WPR,Western Pacific,,VNM,2013,2013,Viet Nam,,3 115 804,3115804.00000,,,,,
MALARIA_SUSPECTS,Number of suspected malaria cases,https://www.who.int/data/gho/indicator-metadata-registry/imr-details/4633,PUBLISHED,Published,,2003,2003,,WPR,Western Pacific,,VNM,2003,2003,Viet Nam,,2 835 799,2835799.00000,,,,,
MALARIA_TOTAL_CASES,Total number of  malaria cases (presumed + confirmed cases),https://www.who.int/data/gho/indicator-metadata-registry/imr-details/2237,PUBLISHED,Published,,2003,2003,,WPR,Western Pacific,,VNM,2003,2003,Viet Nam,,135 989,135989.00000,,,,,
MALARIA_TOTAL_CASES,Total number of  malaria cases (presumed + confirmed cases),https://www.who.int/data/gho/indicator-metadata-registry/imr-details/2237,PUBLISHED,Published,,2013,2013,,WPR,Western Pacific,,VNM,2013,2013,Viet Nam,,35 406,35406.00000,,,,,
MALARIA_TOTAL_CASES,Total number of  malaria cases (presumed + confirmed cases),https://www.who.int/data/gho/indicator-metadata-registry/imr-details/2237,PUBLISHED,Published,,2009,2009,,WPR,Western Pacific,,VNM,2009,2009,Viet Nam,,49 186,49186.00000,,,,,
MALARIA_TOTAL_CASES,Total number of  malaria cases (presumed + confirmed cases),https://www.who.int/data/gho/indicator-metadata-registry/imr-details/2237,PUBLISHED,Published,,2007,2007,,WPR,Western Pacific,,VNM,2007,2007,Viet Nam,,59 601,59601.00000,,,,,
MALARIA_TOTAL_CASES,Total number of  malaria cases (presumed + confirmed cases),https://www.who.int/data/gho/indicator-metadata-registry/imr-details/2237,PUBLISHED,Published,,2019,2019,,WPR,Western Pacific,,VNM,2019,2019,Viet Nam,,5 987,5987.00000,,,,,
MALARIA_TOTAL_CASES,Total number of  malaria cases (presumed + confirmed cases),https://www.who.int/data/gho/indicator-metadata-registry/imr-details/2237,PUBLISHED,Published,,2017,2017,,WPR,Western Pacific,,VNM,2017,2017,Viet Nam,,8 411,8411.00000,,,,,
MALARIA_TOTAL_CASES,Total number of  malaria cases (presumed + confirmed cases),https://www.who.int/data/gho/indicator-metadata-registry/imr-details/2237,PUBLISHED,Published,,2021,2021,,WPR,Western Pacific,,VNM,2021,2021,Viet Nam,,467,467.00000,,,,,
MALARIA_TOTAL_CASES,Total number of  malaria cases (presumed + confirmed cases),https://www.who.int/data/gho/indicator-metadata-registry/imr-details/2237,PUBLISHED,Published,,2000,2000,,WPR,Western Pacific,,VNM,2000,2000,Viet Nam,,274 910,274910.00000,,,,,
MALARIA_TOTAL_CASES,Total number of  malaria cases (presumed + confirmed cases),https://www.who.int/data/gho/indicator-metadata-registry/imr-details/2237,PUBLISHED,Published,,2005,2005,,WPR,Western Pacific,,VNM,2005,2005,Viet Nam,,84 473,84473.00000,,,,,
MALARIA_TOTAL_CASES,Total number of  malaria cases (presumed + confirmed cases),https://www.who.int/data/gho/indicator-metadata-registry/imr-details/2237,PUBLISHED,Published,,2015,2015,,WPR,Western Pacific,,VNM,2015,2015,Viet Nam,,19 252,19252.00000,,,,,
MALARIA_PRES_CASES,Number of presumed malaria cases,https://www.who.int/data/gho/indicator-metadata-registry/imr-details/2239,PUBLISHED,Published,,2020,2020,,WPR,Western Pacific,,VNM,2020,2020,Viet Nam,,311,311.00000,,,,,
MALARIA_PF_INDIG,Number of indigenous P. falciparum malaria cases,https://www.who.int/data/gho/indicator-metadata-registry/imr-details/4635,PUBLISHED,Published,,2011,2011,,WPR,Western Pacific,,VNM,2011,2011,Viet Nam,,10 101,10101.00000,,,,,
MALARIA_PF_INDIG,Number of indigenous P. falciparum malaria cases,https://www.who.int/data/gho/indicator-metadata-registry/imr-details/4635,PUBLISHED,Published,,2010,2010,,WPR,Western Pacific,,VNM,2010,2010,Viet Nam,,12 763,12763.00000,,,,,
MALARIA_PF_INDIG,Number of indigenous P. falciparum malaria cases,https://www.who.int/data/gho/indicator-metadata-registry/imr-details/4635,PUBLISHED,Published,,2015,2015,,WPR,Western Pacific,,VNM,2015,2015,Viet Nam,,4 327,4327.00000,,,,,
MALARIA_PRES_CASES,Number of presumed malaria cases,https://www.who.int/data/gho/indicator-metadata-registry/imr-details/2239,PUBLISHED,Published,,2011,2011,,WPR,Western Pacific,,VNM,2011,2011,Viet Nam,,28 976,28976.00000,,,,,
MALARIA_RDT_TEST,Number of malaria suspects examined by rapid diagnostic test (RDT),https://www.who.int/data/gho/indicator-metadata-registry/imr-details/2247,PUBLISHED,Published,,2010,2010,,WPR,Western Pacific,,VNM,2010,2010,Viet Nam,,7 017,7017.00000,,,,,
MALARIA_RDT_TEST,Number of malaria suspects examined by rapid diagnostic test (RDT),https://www.who.int/data/gho/indicator-metadata-registry/imr-details/2247,PUBLISHED,Published,,2015,2015,,WPR,Western Pacific,,VNM,2015,2015,Viet Nam,,459 332,459332.00000,,,,,
MALARIA_RDT_TEST,Number of malaria suspects examined by rapid diagnostic test (RDT),https://www.who.int/data/gho/indicator-metadata-registry/imr-details/2247,PUBLISHED,Published,,2001,2001,,WPR,Western Pacific,,VNM,2001,2001,Viet Nam,,10 000,10000.00000,,,,,
MALARIA_RDT_TEST,Number of malaria suspects examined by rapid diagnostic test (RDT),https://www.who.int/data/gho/indicator-metadata-registry/imr-details/2247,PUBLISHED,Published,,2011,2011,,WPR,Western Pacific,,VNM,2011,2011,Viet Nam,,491 373,491373.00000,,,,,
MALARIA_RDT_TEST,Number of malaria suspects examined by rapid diagnostic test (RDT),https://www.who.int/data/gho/indicator-metadata-registry/imr-details/2247,PUBLISHED,Published,,2020,2020,,WPR,Western Pacific,,VNM,2020,2020,Viet Nam,,532 088,532088.00000,,,,,
MALARIA_RDT_TEST,Number of malaria suspects examined by rapid diagnostic test (RDT),https://www.who.int/data/gho/indicator-metadata-registry/imr-details/2247,PUBLISHED,Published,,2016,2016,,WPR,Western Pacific,,VNM,2016,2016,Viet Nam,,408 055,408055.00000,,,,,
MALARIA_PRES_CASES,Number of presumed malaria cases,https://www.who.int/data/gho/indicator-metadata-registry/imr-details/2239,PUBLISHED,Published,,2001,2001,,WPR,Western Pacific,,VNM,2001,2001,Viet Nam,,119 423,119423.00000,,,,,
MALARIA_PRES_CASES,Number of presumed malaria cases,https://www.who.int/data/gho/indicator-metadata-registry/imr-details/2239,PUBLISHED,Published,,2010,2010,,WPR,Western Pacific,,VNM,2010,2010,Viet Nam,,36 782,36782.00000,,,,,
MALARIA_PRES_CASES,Number of presumed malaria cases,https://www.who.int/data/gho/indicator-metadata-registry/imr-details/2239,PUBLISHED,Published,,2015,2015,,WPR,Western Pacific,,VNM,2015,2015,Viet Nam,,9 921,9921.00000,,,,,
MALARIA_RDT_TEST,Number of malaria suspects examined by rapid diagnostic test (RDT),https://www.who.int/data/gho/indicator-metadata-registry/imr-details/2247,PUBLISHED,Published,,2013,2013,,WPR,Western Pacific,,VNM,2013,2013,Viet Nam,,412 530,412530.00000,,,,,
MALARIA_RDT_TEST,Number of malaria suspects examined by rapid diagnostic test (RDT),https://www.who.int/data/gho/indicator-metadata-registry/imr-details/2247,PUBLISHED,Published,,2014,2014,,WPR,Western Pacific,,VNM,2014,2014,Viet Nam,,416 483,416483.00000,,,,,
MALARIA_TOTAL_CASES,Total number of  malaria cases (presumed + confirmed cases),https://www.who.int/data/gho/indicator-metadata-registry/imr-details/2237,PUBLISHED,Published,,2010,2010,,WPR,Western Pacific,,VNM,2010,2010,Viet Nam,,54 297,54297.00000,,,,,
MALARIA_TOTAL_CASES,Total number of  malaria cases (presumed + confirmed cases),https://www.who.int/data/gho/indicator-metadata-registry/imr-details/2237,PUBLISHED,Published,,2001,2001,,WPR,Western Pacific,,VNM,2001,2001,Viet Nam,,188 122,188122.00000,,,,,
MALARIA_TOTAL_CASES,Total number of  malaria cases (presumed + confirmed cases),https://www.who.int/data/gho/indicator-metadata-registry/imr-details/2237,PUBLISHED,Published,,2011,2011,,WPR,Western Pacific,,VNM,2011,2011,Viet Nam,,45 588,45588.00000,,,,,
MALARIA_TOTAL_CASES,Total number of  malaria cases (presumed + confirmed cases),https://www.who.int/data/gho/indicator-metadata-registry/imr-details/2237,PUBLISHED,Published,,2020,2020,,WPR,Western Pacific,,VNM,2020,2020,Viet Nam,,1 733,1733.00000,,,,,
MALARIA_TOTAL_CASES,Total number of  malaria cases (presumed + confirmed cases),https://www.who.int/data/gho/indicator-metadata-registry/imr-details/2237,PUBLISHED,Published,,2016,2016,,WPR,Western Pacific,,VNM,2016,2016,Viet Nam,,10 446,10446.00000,,,,,
MALARIA_TOTAL_CASES,Total number of  malaria cases (presumed + confirmed cases),https://www.who.int/data/gho/indicator-metadata-registry/imr-details/2237,PUBLISHED,Published,,2012,2012,,WPR,Western Pacific,,VNM,2012,2012,Viet Nam,,43 717,43717.00000,,,,,
MALARIA_TOTAL_CASES,Total number of  malaria cases (presumed + confirmed cases),https://www.who.int/data/gho/indicator-metadata-registry/imr-details/2237,PUBLISHED,Published,,2006,2006,,WPR,Western Pacific,,VNM,2006,2006,Viet Nam,,74 766,74766.00000,,,,,
MALARIA_TOTAL_CASES,Total number of  malaria cases (presumed + confirmed cases),https://www.who.int/data/gho/indicator-metadata-registry/imr-details/2237,PUBLISHED,Published,,2002,2002,,WPR,Western Pacific,,VNM,2002,2002,Viet Nam,,151 961,151961.00000,,,,,
MALARIA_TOTAL_CASES,Total number of  malaria cases (presumed + confirmed cases),https://www.who.int/data/gho/indicator-metadata-registry/imr-details/2237,PUBLISHED,Published,,2008,2008,,WPR,Western Pacific,,VNM,2008,2008,Viet Nam,,51 668,51668.00000,,,,,
MALARIA_TOTAL_CASES,Total number of  malaria cases (presumed + confirmed cases),https://www.who.int/data/gho/indicator-metadata-registry/imr-details/2237,PUBLISHED,Published,,2018,2018,,WPR,Western Pacific,,VNM,2018,2018,Viet Nam,,6 870,6870.00000,,,,,
MALARIA_TOTAL_CASES,Total number of  malaria cases (presumed + confirmed cases),https://www.who.int/data/gho/indicator-metadata-registry/imr-details/2237,PUBLISHED,Published,,2004,2004,,WPR,Western Pacific,,VNM,2004,2004,Viet Nam,,108 350,108350.00000,,,,,
MALARIA_TOTAL_CASES,Total number of  malaria cases (presumed + confirmed cases),https://www.who.int/data/gho/indicator-metadata-registry/imr-details/2237,PUBLISHED,Published,,2014,2014,,WPR,Western Pacific,,VNM,2014,2014,Viet Nam,,27 868,27868.00000,,,,,
